1,F8024437
2,F80247E8
3,F8024543
4,F80243E2
5,F80243E6
6,F8024527
7,F80243FC
8,F8024428
9,F80244C0
10,F80245F7
11,F8024559
12,F802442F
13,F802470D
14,F80243CE
15,F802447D
16,F80244CB
17,F802449A
18,F80243F0
19,F8024450
20,F80243F2
21,F8024546
22,F802448F
23,F8024493
24,F80244BA
25,F802448A
26,F8024406
27,F8024402
28,F802441E
29,F802447D
30,F8024455
31,F8024584
32,F802440B
33,F80245E0
34,F80243AE
35,F802442D
36,F802436D
37,F80243C5
38,F8024439
39,F8024492
40,F802446F
41,F802441D
42,F8024625
43,F802441F
44,F8024508
45,F80246F0
46,F80243E7
47,F802459E
48,F802474C
49,F802487A
50,F802452F
51,F802439B
52,F80243B6
53,F802446E
54,F802460A
55,F80243E3
56,F8024554
57,F8024463
58,F8024483
59,F80244F8
60,F802440F
61,F80244EA
62,F80244D3
63,F80243CD
64,F8024412
65,F8024454
66,F8024457
67,F8024419
68,F80243FC
69,F8024518
70,F8024427
71,F802442C
72,F8024414
73,F80243E2
74,F8024553
75,F80245A8
76,F8024479
77,F802472D
78,F8024477
79,F802467C
80,F8024489
81,F8024589
82,F80243A1
83,F8024505
84,F802443D
85,F80243E3
86,F802455E
87,F80244A8
88,F8024482
89,F802474F
90,F802441E
91,F8024503
92,F802457C
93,F8024412
94,F80243C8
95,F8024603
96,F8024427
97,F80243C2
98,F802449B
99,F8024428
100,F80244B1
101,F802463F
102,F8024401
103,F80243FC
104,F802444A
105,F802448C
106,F80245A5
107,F802447E
108,F802456F
109,F80244BD
110,F8024507
111,F8024433
112,F80244F5
113,F8024433
114,F80243F2
115,F802458E
116,F8024466
117,F8024467
118,F8024488
119,F8024491
120,F8024453
121,F8024498
122,F8024734
123,F8024412
124,F802441C
125,F8024409
126,F80246CB
127,F8024478
128,F8024443
129,F80243E6
130,F80243D8
131,F80245BB
132,F80243F4
133,F80244F8
134,F8024507
135,F8024639
136,F802444F
137,F8024423
138,F8024445
139,F8024440
140,F8024405
141,F802448C
142,F80243D5
143,F80244A1
144,F8024423
145,F8024428
146,F8024416
147,F8024450
148,F8024440
149,F80244F3
150,F80243CB
151,F802446F
152,F8024546
153,F8024455
154,F8024486
155,F80243B2
156,F8024659
157,F802441A
158,F802441C
159,F8024466
160,F80245D3
161,F8024439
162,F80243C3
163,F8024533
164,F8024405
165,F8024404
166,F8024411
167,F802449C
168,F8024483
169,F8024402
170,F802442B
171,F8024456
172,F8024423
173,F8024610
174,F802441C
175,F80243C5
176,F802445F
177,F8024468
178,F802445A
179,F802446F
180,F80243FC
181,F8024459
182,F80243AC
183,F8024674
184,F8024406
185,F80244D2
186,F80244A9
187,F8024449
188,F8024444
189,F8024484
190,F802460B
191,F80244D1
192,F80243DE
193,F8024388
194,F8024453
195,F802442E
196,F80243F3
197,F80244B0
198,F802443D
199,F802445F
200,F80244CE
201,F8024484
202,F802446B
203,F80243A6
204,F80243DF
205,F8024A40
206,F8024432
207,F8024402
208,F80244A7
209,F80244A0
210,F802452D
211,F8024438
212,F80244A4
213,F80244EF
214,F8024641
215,F8024486
216,F8024508
217,F80243FA
218,F80243ED
219,F8024435
220,F80244B2
221,F802439C
222,F8024459
223,F80243D0
224,F80243EE
225,F80244AC
226,F80244F3
227,F8024569
228,F802449F
229,F802449B
230,F80247CC
231,F802443C
232,F80243D6
233,F80245D4
234,F80243C5
235,F8024448
236,F8024420
237,F802450D
238,F8024454
239,F80244D0
240,F8024561
241,F80244DA
242,F80244A9
243,F8024456
244,F8024406
245,F8024449
246,F802460D
247,F8024427
248,F802446E
249,F8024451
250,F80243FA
251,F80245E1
252,F80243BF
253,F80244D0
254,F80243ED
255,F8024440
256,F8024411
257,F80244FE
258,F8024691
259,F80243C8
260,F8024451
261,F80243F8
262,F80244AF
263,F802449B
264,F8024457
265,F8024538
266,F8024425
267,F80243A7
268,F8024628
269,F8024429
270,F8024401
271,F80243F7
272,F802441C
273,F8024433
274,F8024426
275,F802441A
276,F8024537
277,F80243FB
278,F80244FC
279,F8024499
280,F8024581
281,F802441B
282,F80243E2
283,F802448F
284,F80243D2
285,F802467F
286,F802441E
287,F80243DC
288,F802443E
289,F8024606
290,F80243FC
291,F802448A
292,F8024441
293,F8024420
294,F8024441
295,F802442A
296,F80243FE
297,F802445E
298,F802477B
299,F80243E2
300,F802449E
301,F80244F3
302,F80243BE
303,F8024477
304,F80243D8
305,F80243CF
306,F8024679
307,F8024439
308,F80244FB
309,F802440A
310,F80243FC
311,F80243D7
312,F8024618
313,F80244FA
314,F802449D
315,F8024459
316,F802453A
317,F80245AA
318,F8024517
319,F80244B6
320,F80243C0
321,F802446E
322,F80244A2
323,F8024426
324,F8024530
325,F80244F4
326,F802447F
327,F8024468
328,F802441B
329,F80244C9
330,F80244A0
331,F802454B
332,F80244E6
333,F8024492
334,F8024431
335,F80244E9
336,F8024401
337,F8024458
338,F8024A8B
339,F8024495
340,F8024411
341,F80243E1
342,F802442B
343,F8024413
344,F802446E
345,F8024522
346,F80243E3
347,F80244A4
348,F8024430
349,F8024412
350,F80243BF
351,F80244CE
352,F8024403
353,F8024455
354,F8024422
355,F80243E5
356,F8024429
357,F8024449
358,F80245F0
359,F80244B2
360,F8024747
361,F80243E9
362,F8024581
363,F8024483
364,F8024478
365,F8024541
366,F80244D7
367,F802450C
368,F8024420
369,F8024464
370,F80243A7
371,F80246BA
372,F8024410
373,F8024495
374,F80244D2
375,F80247D9
376,F802448A
377,F8024429
378,F80244AA
379,F80244E6
380,F802446D
381,F8024483
382,F8024574
383,F8024477
384,F80245A2
385,F8024538
386,F80243DD
387,F8024545
388,F80244C1
389,F8024520
390,F80246C9
391,F8024558
392,F802445B
393,F8024432
394,F8024480
395,F8024473
396,F80246CD
397,F80243B1
398,F80244B6
399,F8024446
400,F80243CE
401,F80244AE
402,F8024462
403,F8024481
404,F8024482
405,F802458E
406,F802442A
407,F802443A
408,F80245EF
409,F8024752
410,F8024411
411,F802453F
412,F80243F1
413,F80247D7
414,F8024433
415,F8024459
416,F8024465
417,F802444C
418,F802448C
419,F8024400
420,F80244CF
421,F8024D52
422,F8024491
423,F80244B3
424,F8024560
425,F8024474
426,F802442D
427,F8024437
428,F80243BE
429,F8024454
430,F8024482
431,F802446F
432,F80244AC
433,F80243D8
434,F802440F
435,F80246E8
436,F80243DC
437,F8024543
438,F8024482
439,F8024441
440,F80246F3
441,F802449D
442,F802455E
443,F80245E3
444,F8024432
445,F80243D5
446,F80244C3
447,F8024418
448,F80245CD
449,F80243FD
450,F80243F5
451,F8024490
452,F8024544
453,F80244D0
454,F8024402
455,F8024448
456,F80244A9
457,F8024687
458,F802442A
459,F802447D
460,F802440F
461,F8024473
462,F8024462
463,F80243FB
464,F802444B
465,F802438A
466,F80243E9
467,F80243F7
468,F8024432
469,F80243ED
470,F80243F9
471,F80245D5
472,F8024671
473,F80243B6
474,F80243FD
475,F802440C
476,F8024622
477,F8024478
478,F8024428
479,F8024530
480,F80244ED
481,F802445A
482,F80243F1
483,F8024440
484,F80243F7
485,F802465D
486,F8024534
487,F80243C8
488,F80244D9
489,F8024463
490,F80245B7
491,F80243C1
492,F802439F
493,F80244A1
494,F80244E9
495,F80245AC
496,F8024412
497,F80243AB
498,F8024523
499,F8024464
500,F802439F
501,F80243C2
502,F802442E
503,F80244B6
504,F802446F
505,F802440F
506,F80243AD
507,F802447F
508,F8024412
509,F80244B7
510,F80243D3
511,F802445C
512,F80243E6
513,F8024533
514,F802459A
515,F80244B9
516,F80243FF
517,F802467F
518,F80243B4
519,F802457D
520,F80244C7
521,F80245F1
522,F8024429
523,F80244FC
524,F802453C
525,F80244A5
526,F8024425
527,F8024498
528,F80247BC
529,F80243FF
530,F802444E
531,F80243F0
532,F8024408
533,F802442D
534,F8024420
535,F8024411
536,F80243E3
537,F80243A7
538,F8024499
539,F80245D1
540,F802452F
541,F80244D3
542,F80244CC
543,F80244F4
544,F8024464
545,F80244B9
546,F80245EC
547,F802440A
548,F80243C4
549,F8024470
550,F80243E7
551,F802447D
552,F80247E1
553,F8024501
554,F8024435
555,F8024418
556,F8024585
557,F8024413
558,F802453B
559,F8024403
560,F80244A6
561,F8024384
562,F80245A7
563,F8024748
564,F8024411
565,F8024488
566,F802450F
567,F80245FB
568,F80243F4
569,F8024438
570,F8024498
571,F8024414
572,F802440D
573,F8024439
574,F80243EE
575,F802444A
576,F80243A9
577,F80244AA
578,F8024486
579,F802453F
580,F8024469
581,F80244DD
582,F80243BA
583,F8024667
584,F8024428
585,F8024466
586,F8024415
587,F80243C2
588,F8024439
589,F802447F
590,F80243EA
591,F8024572
592,F80244F4
593,F8024595
594,F8024683
595,F80244F3
596,F80244A0
597,F80244F6
598,F80243FB
599,F80243FA
600,F80243DE
601,F80243ED
602,F80243FE
603,F8024558
604,F80245A5
605,F802443C
606,F8024418
607,F8024525
608,F8024482
609,F8024407
610,F80243ED
611,F80244B8
612,F80243EB
613,F80244DC
614,F80245E9
615,F802446C
616,F80243EE
617,F80244DD
618,F80243C7
619,F80246A9
620,F80243AE
621,F802454A
622,F80243D1
623,F8024424
624,F8024388
625,F80244F0
626,F802440B
627,F802443A
628,F8024524
629,F8024503
630,F8024525
631,F802442C
632,F80244BB
633,F802442F
634,F802465F
635,F80243C6
636,F8024421
637,F802445C
638,F80243F3
639,F80243DA
640,F80243EE
641,F80243B7
642,F8024410
643,F8024436
644,F80243AE
645,F80244D8
646,F802447B
647,F8024588
648,F80243D1
649,F8024421
650,F8024427
651,F8024454
652,F80243BE
653,F8024396
654,F80244FA
655,F802446E
656,F80243CF
657,F80245FF
658,F8024474
659,F80243CC
660,F80244AD
661,F802464C
662,F802443D
663,F80243E9
664,F80243FF
665,F8024482
666,F802449A
667,F80244FA
668,F80243BB
669,F80244F9
670,F802445C
671,F80243E0
672,F8024446
673,F802448D
674,F80243F3
675,F80247F2
676,F80243AB
677,F802470E
678,F802441C
679,F802465A
680,F8024464
681,F802449C
682,F80246CA
683,F802440B
684,F802441A
685,F80246B8
686,F8024490
687,F8024463
688,F802442C
689,F80246AF
690,F80243F5
691,F80244A1
692,F8024409
693,F80243CC
694,F8024484
695,F802467A
696,F8024485
697,F8024439
698,F802445F
699,F8024463
700,F8024432
701,F80244BE
702,F8024428
703,F8024469
704,F80244AA
705,F80243F6
706,F802440E
707,F80244D9
708,F802441B
709,F8024412
710,F8024459
711,F8024431
712,F8024432
713,F80243F5
714,F802440E
715,F8024649
716,F8024417
717,F80243EC
718,F802445E
719,F802449A
720,F80244F2
721,F8024432
722,F80244FA
723,F802451B
724,F802442B
725,F80243CD
726,F80243E3
727,F802473D
728,F8024582
729,F80245A3
730,F802466E
731,F8024515
732,F802442F
733,F802455F
734,F8024466
735,F8024481
736,F80243F3
737,F80243C2
738,F802447D
739,F8024469
740,F802444E
741,F8024412
742,F802440A
743,F80244FD
744,F80243FB
745,F80243E7
746,F80243FE
747,F8024473
748,F80244D2
749,F802449F
750,F80244AF
751,F8024456
752,F80243AA
753,F802441D
754,F802445F
755,F802448E
756,F8024563
757,F8024408
758,F80244E1
759,F8024533
760,F80245C8
761,F8024499
762,F80245F9
763,F802447C
764,F80243E8
765,F8024405
766,F8024404
767,F80244B6
768,F802443A
769,F8024443
770,F802441F
771,F80243DE
772,F80243DF
773,F8024468
774,F80244B5
775,F802443D
776,F802451A
777,F80243D6
778,F8024480
779,F8024404
780,F802462D
781,F802445D
782,F8024441
783,F8024956
784,F8024468
785,F8024493
786,F802441C
787,F802449F
788,F80243CB
789,F8024419
790,F8024406
791,F8024408
792,F802450B
793,F8024433
794,F80244B0
795,F80243F2
796,F8024439
797,F8024531
798,F8024452
799,F8024403
800,F8024471
801,F802457B
802,F8024440
803,F8024460
804,F80244F8
805,F8024402
806,F802453C
807,F8024437
808,F8024471
809,F8024410
810,F8024390
811,F8024415
812,F802444F
813,F8024587
814,F80244D2
815,F8024490
816,F80244CE
817,F8024464
818,F80243F4
819,F80244CF
820,F8024445
821,F8024446
822,F802451E
823,F802441C
824,F8024487
825,F80244A0
826,F80245A8
827,F8024456
828,F802441C
829,F802449B
830,F8024393
831,F802447F
832,F80244BB
833,F80245FC
834,F8024492
835,F8024695
836,F8024528
837,F8024562
838,F8024709
839,F802442F
840,F80244B1
841,F8024451
842,F80243F8
843,F8024615
844,F802447D
845,F8024493
846,F8024421
847,F80244E7
848,F80245CD
849,F80245C5
850,F80244B4
851,F80245AD
852,F80243D8
853,F80244BF
854,F8024470
855,F8024613
856,F802441B
857,F802440C
858,F80244A8
859,F80243DB
860,F8024523
861,F80243D3
862,F80248B9
863,F80243E8
864,F8024459
865,F802456F
866,F80243D8
867,F80243B1
868,F80244DD
869,F802445D
870,F8024523
871,F8024474
872,F8024441
873,F80244AC
874,F80243FF
875,F802448B
876,F80243EB
877,F80244D8
878,F80244D5
879,F8024412
880,F802472C
881,F802440E
882,F8024406
883,F802447F
884,F80244A0
885,F802445E
886,F8024D51
887,F802441F
888,F802444E
889,F80244BB
890,F80243B0
891,F8024432
892,F80244E6
893,F8024476
894,F802445B
895,F8024646
896,F802469D
897,F80245CB
898,F802453D
899,F802441F
900,F802440E
901,F8024535
902,F80243F6
903,F80243B5
904,F802442E
905,F8024475
906,F802475B
907,F80244E7
908,F80243F5
909,F8024415
910,F80244B3
911,F8024515
912,F8024697
913,F8024454
914,F8024426
915,F8024453
916,F80243E6
917,F80245B1
918,F80243E1
919,F802447E
920,F8024445
921,F80244E0
922,F8024480
923,F80243F1
924,F8024480
925,F8024446
926,F8024459
927,F802448D
928,F8024496
929,F80243CE
930,F802455A
931,F802442E
932,F80244E6
933,F8024421
934,F8024464
935,F80244CB
936,F80243B2
937,F80243C4
938,F80243B0
939,F802444F
940,F8024475
941,F8024688
942,F8024483
943,F8024497
944,F8024403
945,F802442F
946,F8024471
947,F80244B6
948,F802443C
949,F80243FA
950,F80243B7
951,F802442B
952,F802461F
953,F802448A
954,F80243A3
955,F80243D0
956,F802455A
957,F80244FB
958,F80246C3
959,F80244A7
960,F802449D
961,F80243C2
962,F8024479
963,F80244DF
964,F80244A4
965,F80243E1
966,F80243CC
967,F80245E4
968,F802455E
969,F8024407
970,F8024620
971,F802444F
972,F8024480
973,F80245AC
974,F80243C6
975,F8024505
976,F802442B
977,F802443A
978,F80243E7
979,F802442A
980,F80243F1
981,F8024460
982,F8024475
983,F8024602
984,F802444E
985,F80243F7
986,F80245AF
987,F80244A8
988,F8024503
989,F802447A
990,F80244B1
991,F802445A
992,F802476B
993,F80245E0
994,F802449B
995,F8024484
996,F802440E
997,F8024424
998,F8024393
999,F802494D
1000,F80244BB
1001,F80246D6
1002,F80245CC
1003,F802442A
1004,F80243ED
1005,F80244AB
1006,F80246F1
1007,F8024479
1008,F80244C6
1009,F802442A
1010,F802442C
1011,F8024403
1012,F802453B
1013,F802440B
1014,F80243A7
1015,F8024439
1016,F8024431
1017,F8024448
1018,F8024553
1019,F8024473
1020,F8024499
1021,F80244CA
1022,F8024524
1023,F8024784
1024,F80244AE
1025,F802464B
1026,F8024399
1027,F802443B
1028,F80244C0
1029,F802446C
1030,F8024482
1031,F80244DC
1032,F802440B
1033,F802441F
1034,F80245FE
1035,F80243EC
1036,F8024475
1037,F8024497
1038,F8024429
1039,F8024446
1040,F802449E
1041,F80244FB
1042,F80244E0
1043,F8024589
1044,F80244AA
1045,F802441A
1046,F80244F7
1047,F802442C
1048,F8024406
1049,F80244E8
1050,F8024427
1051,F8024445
1052,F8024486
1053,F8024423
1054,F8024449
1055,F8024445
1056,F80244BC
1057,F802443A
1058,F802447C
1059,F802445A
1060,F80243D7
1061,F80244DF
1062,F8024493
1063,F8024787
1064,F8024499
1065,F8024476
1066,F8024495
1067,F8024462
1068,F8024446
1069,F802455D
1070,F802444D
1071,F80246B2
1072,F80246A3
1073,F80244E3
1074,F80244E2
1075,F8024425
1076,F8024418
1077,F8024448
1078,F8024446
1079,F802448D
1080,F80244A7
1081,F80243BF
1082,F802450B
1083,F80245E8
1084,F802443E
1085,F8024443
1086,F802440C
1087,F80244C3
1088,F8024442
1089,F80245D1
1090,F802441F
1091,F80244CE
1092,F80245C0
1093,F80244E8
1094,F802450E
1095,F8024440
1096,F802440B
1097,F8024428
1098,F80243D5
1099,F80243F8
1100,F8024501
1101,F80243EB
1102,F8024475
1103,F802445B
1104,F8024677
1105,F8024435
1106,F80243B2
1107,F80243D4
1108,F8024442
1109,F80244C2
1110,F80244F1
1111,F8024733
1112,F80243DD
1113,F80243CD
1114,F8024484
1115,F80244D2
1116,F8024437
1117,F8024698
1118,F80243E5
1119,F8024515
1120,F8024503
1121,F8024507
1122,F8024574
1123,F80243CB
1124,F80243BC
1125,F80243DC
1126,F80245AB
1127,F802448C
1128,F80243CA
1129,F802451D
1130,F8024466
1131,F8024400
1132,F8024442
1133,F802443C
1134,F80244B4
1135,F8024473
1136,F802443C
1137,F80244B9
1138,F802441D
1139,F802441E
1140,F802441B
1141,F80244EB
1142,F802448C
1143,F8024681
1144,F802453E
1145,F8024419
1146,F80243E3
1147,F8024438
1148,F80244DF
1149,F8024457
1150,F8024675
1151,F8024414
1152,F802440A
1153,F8024539
1154,F80243FE
1155,F8024483
1156,F80243D0
1157,F8024641
1158,F8024452
1159,F80243C8
1160,F8024503
1161,F8024486
1162,F80244D8
1163,F8024494
1164,F8024410
1165,F80245E3
1166,F802448A
1167,F8024504
1168,F8024498
1169,F8024450
1170,F802449F
1171,F802447B
1172,F8024580
1173,F8024497
1174,F80244A7
1175,F80245D8
1176,F8024415
1177,F80243D6
1178,F802442D
1179,F8024416
1180,F80243CF
1181,F8024579
1182,F8024406
1183,F8024474
1184,F802443D
1185,F8024418
1186,F8024594
1187,F8024507
1188,F8024435
1189,F8024425
1190,F802449F
1191,F8024596
1192,F80244A9
1193,F8024462
1194,F80244F5
1195,F8024603
1196,F8024448
1197,F80243B2
1198,F80245D0
1199,F8024474
1200,F8024470
1201,F80243D4
1202,F8024415
1203,F80244D1
1204,F80243DB
1205,F802474F
1206,F8024442
1207,F80246CE
1208,F8024725
1209,F8024546
1210,F8024406
1211,F8024449
1212,F80243F6
1213,F802443A
1214,F80243E4
1215,F8024445
1216,F80243D3
1217,F8024431
1218,F80244AF
1219,F8024451
1220,F8024491
1221,F802440A
1222,F80243AC
1223,F802443D
1224,F8024469
1225,F8024569
1226,F8024639
1227,F8024494
1228,F802459F
1229,F8024452
1230,F80243FD
1231,F80243DE
1232,F80243CB
1233,F8024414
1234,F80243C3
1235,F80244BD
1236,F80243D7
1237,F80244C5
1238,F80243D9
1239,F8024463
1240,F8024415
1241,F8024474
1242,F8024438
1243,F8024562
1244,F8024483
1245,F80244DC
1246,F8024447
1247,F80244B4
1248,F8024628
1249,F8024503
1250,F80244C9
1251,F80243E1
1252,F8024427
1253,F8024486
1254,F80243FD
1255,F80244C5
1256,F80244B2
1257,F80243FE
1258,F8024560
1259,F80244D4
1260,F80243C6
1261,F8024419
1262,F8024402
1263,F80243AF
1264,F80243D5
1265,F80244E4
1266,F8024421
1267,F802445A
1268,F80245F9
1269,F80243B0
1270,F8024439
1271,F8024392
1272,F80243F4
1273,F80243FD
1274,F802447F
1275,F8024398
1276,F80244F0
1277,F80246FA
1278,F802465C
1279,F802442A
1280,F80246BC
1281,F8024442
1282,F8024444
1283,F80243FD
1284,F80243D9
1285,F80244E6
1286,F80246C2
1287,F8024440
1288,F80244AF
1289,F80244CC
1290,F8024476
1291,F80246AF
1292,F80244C4
1293,F80247C1
1294,F8024399
1295,F8024548
1296,F8024476
1297,F802443C
1298,F8024492
1299,F80244B7
1300,F8024435
1301,F8024588
1302,F8024524
1303,F8024589
1304,F80243FF
1305,F80243B4
1306,F80243D9
1307,F8024447
1308,F802441B
1309,F8024467
1310,F8024484
1311,F80244B0
1312,F802453E
1313,F802442B
1314,F80243F7
1315,F80243E9
1316,F8024408
1317,F8024460
1318,F80244D1
1319,F802441A
1320,F8024564
1321,F8024418
1322,F802450E
1323,F80244AF
1324,F8024414
1325,F802441C
1326,F8024459
1327,F8024598
1328,F80243CD
1329,F80246AB
1330,F8024496
1331,F802461F
1332,F802445A
1333,F802442D
1334,F802447F
1335,F802443B
1336,F8024447
1337,F8024580
1338,F80244F3
1339,F8024590
1340,F80244AA
1341,F8024429
1342,F8024615
1343,F8024494
1344,F80243FD
1345,F80245D6
1346,F8024454
1347,F80244E8
1348,F8024489
1349,F8024504
1350,F8024713
1351,F802440F
1352,F802446F
1353,F802444C
1354,F8024462
1355,F80244ED
1356,F8024427
1357,F80244C3
1358,F8024432
1359,F8024399
1360,F8024481
1361,F802461E
1362,F80243FE
1363,F8024543
1364,F8024487
1365,F8024401
1366,F802460E
1367,F80244D0
1368,F802442B
1369,F802441B
1370,F8024416
1371,F80243F1
1372,F8024412
1373,F80245AA
1374,F802446F
1375,F8024686
1376,F80244CC
1377,F802466C
1378,F802447F
1379,F8024507
1380,F802446A
1381,F80244A9
1382,F80244BB
1383,F8024513
1384,F8024383
1385,F80244CC
1386,F802447D
1387,F80243E4
1388,F8024485
1389,F8024434
1390,F80244C7
1391,F80244E6
1392,F802453E
1393,F80244A0
1394,F80245FA
1395,F8024480
1396,F80243AC
1397,F80245BE
1398,F802446B
1399,F8024520
1400,F80244CA
1401,F8024466
1402,F802456F
1403,F802445E
1404,F8024409
1405,F8024656
1406,F8024464
1407,F80244BD
1408,F80244C2
1409,F8024483
1410,F80243BB
1411,F8024494
1412,F8024447
1413,F8024407
1414,F802441B
1415,F8024668
1416,F802442F
1417,F80244AB
1418,F802443C
1419,F80244DA
1420,F80244A5
1421,F8024415
1422,F80244D5
1423,F8024450
1424,F80243F3
1425,F80246D7
1426,F8024399
1427,F802442D
1428,F802444E
1429,F80243F1
1430,F80244E1
1431,F8024435
1432,F802446D
1433,F8024661
1434,F8024440
1435,F8024494
1436,F8024414
1437,F80243BC
1438,F8024644
1439,F8024429
1440,F8024441
1441,F802446F
1442,F80243F7
1443,F802435A
1444,F8024509
1445,F802448A
1446,F80244DC
1447,F802442F
1448,F8024417
1449,F8024525
1450,F8024583
1451,F802438B
1452,F8024474
1453,F80244DE
1454,F8024484
1455,F802454C
1456,F802444C
1457,F8024402
1458,F80243B8
1459,F80244B2
1460,F80243C2
1461,F8024434
1462,F8024493
1463,F80244CE
1464,F8024454
1465,F8024583
1466,F80244BA
1467,F8024425
1468,F8024519
1469,F80243CD
1470,F8024476
1471,F802442B
1472,F80243EF
1473,F80244C9
1474,F80243F8
1475,F8024553
1476,F8024552
1477,F80245D9
1478,F8024495
1479,F80244AD
1480,F8024420
1481,F8024473
1482,F8024433
1483,F802444A
1484,F8024404
1485,F8024470
1486,F80243D1
1487,F8024476
1488,F8024416
1489,F80243DD
1490,F80243E5
1491,F8024586
1492,F8024498
1493,F8024774
1494,F8024480
1495,F8024425
1496,F802453D
1497,F80245AF
1498,F802444D
1499,F8024637
1500,F8024412
1501,F8024476
1502,F80244A8
1503,F80243F5
1504,F80244B5
1505,F8024409
1506,F8024442
1507,F8024460
1508,F8024564
1509,F80245EC
1510,F80244EB
1511,F80245D5
1512,F80244D7
1513,F80243DD
1514,F802448A
1515,F8024377
1516,F8024485
1517,F802443C
1518,F8024469
1519,F80243EE
1520,F80243B3
1521,F80243F2
1522,F8024459
1523,F802454A
1524,F8024443
1525,F8024442
1526,F80245CF
1527,F802438B
1528,F8024661
1529,F8024439
1530,F802443B
1531,F802440C
1532,F80243F4
1533,F80244E0
1534,F80244BB
1535,F80243FE
1536,F802444D
1537,F802451C
1538,F802458C
1539,F802464D
1540,F8024436
1541,F8024483
1542,F80243FD
1543,F80244A0
1544,F8024268
1545,F80245FA
1546,F802453F
1547,F8024431
1548,F8024423
1549,F802451F
1550,F8024472
1551,F802446D
1552,F802445F
1553,F80243D2
1554,F80243AD
1555,F8024609
1556,F802440C
1557,F80244B8
1558,F8024432
1559,F8024968
1560,F8024540
1561,F8024415
1562,F8024457
1563,F80244AD
1564,F8024460
1565,F8024418
1566,F80243F7
1567,F8024452
1568,F8024723
1569,F80243D1
1570,F802447D
1571,F8024529
1572,F802445B
1573,F80245E6
1574,F802454D
1575,F80243D5
1576,F80243F8
1577,F8024405
1578,F80243ED
1579,F80244D6
1580,F80243CB
1581,F8024452
1582,F80244A8
1583,F802448F
1584,F8024373
1585,F8024463
1586,F8024457
1587,F80247E4
1588,F80243BA
1589,F802477A
1590,F8024406
1591,F8024403
1592,F80243DA
1593,F80243B3
1594,F80243D4
1595,F80243A7
1596,F80244B8
1597,F80243D4
1598,F802460D
1599,F802449F
1600,F8024497
1601,F802444E
1602,F802450C
1603,F802442A
1604,F802441E
1605,F802446F
1606,F80244E3
1607,F80244CC
1608,F8024445
1609,F802448E
1610,F80244D6
1611,F8024479
1612,F802448D
1613,F802449C
1614,F802441B
1615,F802444E
1616,F80245BF
1617,F802454E
1618,F802446E
1619,F80244EF
1620,F80244D8
1621,F802478E
1622,F80244E0
1623,F80245A7
1624,F80244BB
1625,F802439D
1626,F80244E7
1627,F8024441
1628,F80243DD
1629,F802457C
1630,F8024419
1631,F802442F
1632,F8024467
1633,F8024483
1634,F80244D9
1635,F80243DB
1636,F8024511
1637,F8024407
1638,F802441F
1639,F80243C8
1640,F8024480
1641,F8024459
1642,F8024431
1643,F8024479
1644,F8024509
1645,F8024480
1646,F80243F9
1647,F8024442
1648,F8024435
1649,F80243DD
1650,F80245D0
1651,F8024650
1652,F802440C
1653,F802449C
1654,F802447C
1655,F8024454
1656,F80243DD
1657,F80245FD
1658,F8024577
1659,F80249C8
1660,F80243D8
1661,F8024447
1662,F8024450
1663,F80244BC
1664,F8024436
1665,F80245F2
1666,F80244A6
1667,F80245E0
1668,F80243E5
1669,F80244F4
1670,F80243F3
1671,F8024403
1672,F80243FA
1673,F80245DC
1674,F8024413
1675,F80244B1
1676,F8024454
1677,F8024494
1678,F8024532
1679,F8024568
1680,F8024466
1681,F8024488
1682,F8024521
1683,F8024457
1684,F80244E3
1685,F80243AE
1686,F80244BF
1687,F8024390
1688,F802443D
1689,F8024417
1690,F80246A9
1691,F802444F
1692,F802440E
1693,F802447B
1694,F8024475
1695,F80243E4
1696,F80243D9
1697,F8024A59
1698,F8024408
1699,F8024495
1700,F80248C9
1701,F80245C0
1702,F8024498
1703,F802447B
1704,F8024443
1705,F802468D
1706,F8024518
1707,F80246D3
1708,F8024666
1709,F802446E
1710,F8024400
1711,F8024693
1712,F80244F1
1713,F8024508
1714,F8024543
1715,F80244E5
1716,F802444A
1717,F8024421
1718,F8024550
1719,F8024445
1720,F80244D9
1721,F8024400
1722,F80244DC
1723,F8024457
1724,F8024420
1725,F8024445
1726,F80244FF
1727,F80244AA
1728,F8024438
1729,F802441A
1730,F80243FB
1731,F802443A
1732,F80243AB
1733,F80243F9
1734,F80244CF
1735,F8024455
1736,F80243DE
1737,F80243E0
1738,F8024469
1739,F8024724
1740,F8024686
1741,F802441D
1742,F80243FA
1743,F8024599
1744,F80243FA
1745,F80243D7
1746,F802447A
1747,F8024423
1748,F8024407
1749,F80243F2
1750,F80243F8
1751,F80245BF
1752,F80245A9
1753,F8024473
1754,F802442D
1755,F80245D7
1756,F80243E8
1757,F80243C9
1758,F8024417
1759,F80243EF
1760,F8024447
1761,F8024546
1762,F802446C
1763,F8024448
1764,F8024419
1765,F8024495
1766,F80244DC
1767,F8024427
1768,F802452B
1769,F8024504
1770,F80243E9
1771,F80243EA
1772,F80244E3
1773,F80243B1
1774,F8024407
1775,F802442A
1776,F80243C9
1777,F80243FA
1778,F802450B
1779,F8024AF6
1780,F80244DC
1781,F802445F
1782,F802462E
1783,F8024440
1784,F802449A
1785,F802445A
1786,F80244DA
1787,F80243E5
1788,F8024421
1789,F8024403
1790,F8024501
1791,F8024419
1792,F8024458
1793,F802440F
1794,F802449B
1795,F80243DB
1796,F8024525
1797,F8024491
1798,F8024460
1799,F8024457
1800,F802455B
1801,F802446D
1802,F8024817
1803,F802446D
1804,F802445E
1805,F802447F
1806,F8024420
1807,F8024579
1808,F80243F3
1809,F80244B6
1810,F8024459
1811,F80244DA
1812,F8024426
1813,F80243EF
1814,F80244AB
1815,F80243FE
1816,F802448C
1817,F8024420
1818,F80243F9
1819,F8024377
1820,F8024524
1821,F802442A
1822,F80244AC
1823,F80244BE
1824,F80244D6
1825,F802445A
1826,F8024433
1827,F80243CD
1828,F8024731
1829,F802441F
1830,F80244E9
1831,F8024423
1832,F8024436
1833,F80245E7
1834,F8024680
1835,F802447F
1836,F80243A4
1837,F80244CD
1838,F80248E5
1839,F802444D
1840,F8024464
1841,F80243F2
1842,F8024426
1843,F8024451
1844,F8024498
1845,F8024680
1846,F802447E
1847,F80244B7
1848,F80243F9
1849,F8024472
1850,F8024439
1851,F80244A0
1852,F8024470
1853,F8024588
1854,F802445B
1855,F8024456
1856,F8024644
1857,F80243D6
1858,F802455C
1859,F8024471
1860,F8024449
1861,F8024630
1862,F8024462
1863,F8024481
1864,F802451F
1865,F8024426
1866,F8024562
1867,F8024621
1868,F80244E0
1869,F80243F0
1870,F80245E0
1871,F8024433
1872,F80243ED
1873,F8024464
1874,F80247F2
1875,F80243E0
1876,F8024483
1877,F80243BD
1878,F80244F6
1879,F802440B
1880,F80243FB
1881,F80243F9
1882,F80244B5
1883,F8024456
1884,F802443E
1885,F80244D5
1886,F80243E9
1887,F80244B0
1888,F8024468
1889,F802448A
1890,F8024435
1891,F8024630
1892,F80243CA
1893,F80244F3
1894,F8024449
1895,F8024518
1896,F8024471
1897,F80244EC
1898,F8024453
1899,F8024415
1900,F80245B3
1901,F80245B1
1902,F802441E
1903,F802440C
1904,F802468D
1905,F80244EE
1906,F80244D0
1907,F80244FB
1908,F80244F4
1909,F80244CF
1910,F8024711
1911,F802450F
1912,F802441E
1913,F8024442
1914,F80244D6
1915,F8024526
1916,F80245EA
1917,F80243C3
1918,F80244F8
1919,F802449C
1920,F80244E7
1921,F8024450
1922,F8024425
1923,F80244D3
1924,F802448B
1925,F802443F
1926,F80244E6
1927,F8024466
1928,F80243E1
1929,F8024448
1930,F80247E1
1931,F8024440
1932,F802434F
1933,F8024483
1934,F80243FD
1935,F802442D
1936,F8024497
1937,F80243ED
1938,F80246AE
1939,F80246FB
1940,F80243D1
1941,F802452C
1942,F802458B
1943,F802446C
1944,F802449C
1945,F802448C
1946,F80243EF
1947,F80244B7
1948,F80245A9
1949,F8024615
1950,F8024481
1951,F802445F
1952,F802448A
1953,F802443F
1954,F8024464
1955,F8024401
1956,F802456F
1957,F802463F
1958,F802448E
1959,F8024469
1960,F8024401
1961,F80245AA
1962,F8024408
1963,F80245BA
1964,F8024432
1965,F8024534
1966,F8024504
1967,F80244CC
1968,F80244C0
1969,F80244D6
1970,F80243AE
1971,F8024464
1972,F8024474
1973,F8024436
1974,F8024552
1975,F8024453
1976,F802445A
1977,F8024927
1978,F80245F4
1979,F80244DB
1980,F8024459
1981,F802447F
1982,F8024420
1983,F8024440
1984,F8024470
1985,F802465F
1986,F80244CE
1987,F802440D
1988,F80244B4
1989,F8024476
1990,F8024453
1991,F802463F
1992,F8024745
1993,F8024571
1994,F802441A
1995,F802447D
1996,F802449B
1997,F80243C8
1998,F8024450
1999,F802441A
2000,F802445D
2001,F8024423
2002,F802444F
2003,F8024841
2004,F8024472
2005,F80243FE
2006,F8024460
2007,F8024420
2008,F802442A
2009,F8024632
2010,F802446C
2011,F80244A8
2012,F8024471
2013,F802445B
2014,F80244B3
2015,F8024481
2016,F802440C
2017,F80243D0
2018,F8024569
2019,F8024457
2020,F80243D0
2021,F8024422
2022,F8024439
2023,F8024447
2024,F80243AC
2025,F8024525
2026,F8024468
2027,F8024EEF
2028,F80243EC
2029,F8024488
2030,F8024400
2031,F8024452
2032,F802440A
2033,F8024420
2034,F802447B
2035,F80244AD
2036,F8024482
2037,F80243AF
2038,F80243EE
2039,F8024430
2040,F80243B2
2041,F802448D
2042,F802449E
2043,F8024453
2044,F8024461
2045,F80244D2
2046,F802447C
2047,F8024683
2048,F80243F2
2049,F80244CB
2050,F80244DD
2051,F80244EE
2052,F802448E
2053,F80243EC
2054,F802442E
2055,F802443A
2056,F80244BB
2057,F8024542
2058,F802442F
2059,F80244A6
2060,F80244A1
2061,F802451F
2062,F8024683
2063,F80244D9
2064,F802457A
2065,F8024404
2066,F802461E
2067,F80244E9
2068,F8024483
2069,F8024419
2070,F802440C
2071,F802452C
2072,F802449C
2073,F802452A
2074,F8024414
2075,F802446F
2076,F80244EC
2077,F802443B
2078,F802448D
2079,F8024498
2080,F802448B
2081,F80243C7
2082,F80244A8
2083,F80244BC
2084,F80244DB
2085,F8024439
2086,F8024423
2087,F8024527
2088,F80243F0
2089,F8024621
2090,F8024490
2091,F802449B
2092,F802443C
2093,F80243E5
2094,F80243B5
2095,F802446D
2096,F8024527
2097,F8024487
2098,F8024414
2099,F8024766
2100,F80244FA
2101,F80243DD
2102,F80244C8
2103,F8024493
2104,F802441A
2105,F80244AD
2106,F8024416
2107,F802449F
2108,F8024444
2109,F802454D
2110,F80243FB
2111,F8024462
2112,F80244E5
2113,F80245E1
2114,F80244BD
2115,F802441D
2116,F8024633
2117,F80244D2
2118,F8024468
2119,F80244B8
2120,F802463F
2121,F80244A6
2122,F80243CA
2123,F802440F
2124,F802443F
2125,F8024667
2126,F8024442
2127,F80244AF
2128,F80244FC
2129,F80243C1
2130,F8024404
2131,F8024606
2132,F8024476
2133,F80244BF
2134,F802450C
2135,F8024422
2136,F80245E6
2137,F80243EA
2138,F80243D5
2139,F80244CE
2140,F802443E
2141,F802441A
2142,F802441C
2143,F802448C
2144,F802445B
2145,F80246E9
2146,F8024541
2147,F8024422
2148,F8024580
2149,F8024428
2150,F8024464
2151,F80243F0
2152,F80244FB
2153,F80243FD
2154,F80243EB
2155,F80244B1
2156,F80244A2
2157,F80243BC
2158,F8024376
2159,F8024548
2160,F8024580
2161,F8024464
2162,F8024444
2163,F802450E
2164,F8024443
2165,F80245B6
2166,F80244BD
2167,F80243BE
2168,F8024495
2169,F802441F
2170,F80245B3
2171,F8024575
2172,F8024469
2173,F802446C
2174,F8024454
2175,F80244A3
2176,F80244D6
2177,F802447B
2178,F80243F1
2179,F8024516
2180,F8024485
2181,F80246F9
2182,F8024430
2183,F802450A
2184,F8024411
2185,F8024700
2186,F8024454
2187,F8024462
2188,F802438E
2189,F8024484
2190,F80244E0
2191,F8024496
2192,F8024658
2193,F80243FD
2194,F8024522
2195,F802441E
2196,F8024445
2197,F80244A1
2198,F8024484
2199,F80243AA
2200,F8024429
2201,F80244FE
2202,F8024482
2203,F8024429
2204,F8024437
2205,F8024474
2206,F8024446
2207,F8024439
2208,F80243DA
2209,F802447F
2210,F8024433
2211,F8024653
2212,F8024457
2213,F80243D8
2214,F8024496
2215,F802457B
2216,F8024652
2217,F8024480
2218,F8024457
2219,F80243E9
2220,F8024504
2221,F80243D3
2222,F802442D
2223,F8024463
2224,F802450F
2225,F80243DC
2226,F8024487
2227,F8024485
2228,F80244B1
2229,F80246EE
2230,F802448C
2231,F80243E4
2232,F802444C
2233,F8024409
2234,F8024556
2235,F80244B6
2236,F8024409
2237,F8024395
2238,F8024419
2239,F8024404
2240,F8024457
2241,F802456A
2242,F80245C8
2243,F80243E4
2244,F8024507
2245,F8024408
2246,F8024488
2247,F8024477
2248,F80244D2
2249,F8024459
2250,F80247DA
2251,F8024495
2252,F802442D
2253,F8024523
2254,F8024405
2255,F8024389
2256,F80245AB
2257,F8024406
2258,F802440F
2259,F802454B
2260,F802446A
2261,F80244CD
2262,F8024483
2263,F80243E3
2264,F80243DC
2265,F802444B
2266,F80243CD
2267,F80243D6
2268,F802443F
2269,F80243F5
2270,F8024492
2271,F8024426
2272,F8024432
2273,F80243B4
2274,F8024610
2275,F8024472
2276,F802443B
2277,F80244A8
2278,F8024492
2279,F8024482
2280,F802446F
2281,F8024496
2282,F80243D5
2283,F80243D0
2284,F802488D
2285,F802445D
2286,F80243C5
2287,F80247EE
2288,F802444E
2289,F8024439
2290,F80243FB
2291,F8024470
2292,F80244C8
2293,F8024448
2294,F8024443
2295,F80245A2
2296,F8024484
2297,F80244B6
2298,F80244E3
2299,F802443C
2300,F80245A8
2301,F80244A2
2302,F8024413
2303,F80246A5
2304,F8024473
2305,F80244B3
2306,F8024429
2307,F8024412
2308,F8024811
2309,F80243FA
2310,F802444C
2311,F80243A1
2312,F802461E
2313,F80244A1
2314,F80244A8
2315,F8024640
2316,F8024441
2317,F8024403
2318,F802451C
2319,F80243DB
2320,F8024547
2321,F8024591
2322,F80245CE
2323,F80244B9
2324,F80245E3
2325,F8024696
2326,F8024430
2327,F802447F
2328,F802448B
2329,F802448F
2330,F802442F
2331,F80243F1
2332,F8024581
2333,F80244AD
2334,F80246BD
2335,F802454B
2336,F8024455
2337,F802448F
2338,F8024403
2339,F802464D
2340,F8024562
2341,F802443D
2342,F8024503
2343,F80244FE
2344,F8024813
2345,F80244DC
2346,F80244E9
2347,F8024489
2348,F8024472
2349,F8024516
2350,F80246A2
2351,F802440B
2352,F80243FB
2353,F80243F9
2354,F8024429
2355,F8024746
2356,F80244C4
2357,F8024418
2358,F802445E
2359,F8024400
2360,F802443B
2361,F80244EC
2362,F8024493
2363,F802470D
2364,F8024423
2365,F802451D
2366,F8024317
2367,F80244F1
2368,F80243F5
2369,F80244E9
2370,F8024509
2371,F8024648
2372,F8024448
2373,F802443E
2374,F8024402
2375,F802441A
2376,F80244EB
2377,F8024497
2378,F80243D5
2379,F8024443
2380,F8024596
2381,F80243BD
2382,F80244D6
2383,F80243BB
2384,F80244A5
2385,F80243D8
2386,F8024491
2387,F8024479
2388,F80243E0
2389,F8024511
2390,F80243AD
2391,F8024610
2392,F802457B
2393,F80243EB
2394,F802441B
2395,F80244A7
2396,F8024535
2397,F80245AB
2398,F80243D8
2399,F8024391
2400,F802446D
2401,F80245C5
2402,F80244E2
2403,F80244F9
2404,F802445F
2405,F802440C
2406,F8024613
2407,F8024529
2408,F8024490
2409,F80244DC
2410,F8024660
2411,F8024420
2412,F80244F6
2413,F80243EC
2414,F80244B8
2415,F8024730
2416,F80243FC
2417,F802455F
2418,F8024501
2419,F8024413
2420,F80244F5
2421,F80244BB
2422,F8024414
2423,F80244D4
2424,F8024691
2425,F8024435
2426,F80244C9
2427,F802441E
2428,F8024461
2429,F802452F
2430,F802446C
2431,F8024410
2432,F80244ED
2433,F8024431
2434,F80243CD
2435,F80243ED
2436,F8024516
2437,F802445E
2438,F802443B
2439,F8024426
2440,F8024465
2441,F8024690
2442,F802446D
2443,F8024414
2444,F8024530
2445,F80245AC
2446,F802471D
2447,F80244FB
2448,F802451F
2449,F8024485
2450,F802440B
2451,F802462D
2452,F8024501
2453,F80243F5
2454,F80244F2
2455,F8024627
2456,F8024649
2457,F802447C
2458,F8024431
2459,F80244AD
2460,F8024418
2461,F8024446
2462,F8024432
2463,F8024440
2464,F8024475
2465,F80243C3
2466,F8024494
2467,F8024480
2468,F802448C
2469,F8024443
2470,F802444A
2471,F80246FF
2472,F8024413
2473,F8024484
2474,F802455F
2475,F802467B
2476,F8024506
2477,F80245AE
2478,F802467F
2479,F8024451
2480,F802445B
2481,F8024447
2482,F8024459
2483,F80243D2
2484,F80247F5
2485,F802471E
2486,F8024477
2487,F802442C
2488,F8024443
2489,F80243ED
2490,F80244A3
2491,F8024421
2492,F80244ED
2493,F802451F
2494,F8024531
2495,F8024441
2496,F8024480
2497,F802445F
2498,F8024471
2499,F8024457
2500,F80243E6
2501,F80244E2
2502,F80245A2
2503,F80243C6
2504,F80244BF
2505,F8024511
2506,F80243D7
2507,F802443D
2508,F802443B
2509,F8024456
2510,F802448B
2511,F80243F7
2512,F8024427
2513,F80243E6
2514,F80243B3
2515,F8024480
2516,F80244E4
2517,F802445D
2518,F802443D
2519,F80243E4
2520,F8024411
2521,F80243DA
2522,F8024472
2523,F8024519
2524,F80243E6
2525,F80243CD
2526,F802444E
2527,F8024435
2528,F8024460
2529,F80243F9
2530,F80243DE
2531,F80245B1
2532,F80243EC
2533,F8024481
2534,F80243EA
2535,F80243B3
2536,F80245E7
2537,F802448F
2538,F80244A8
2539,F802449D
2540,F80244A0
2541,F80245E2
2542,F8024492
2543,F802454E
2544,F8024608
2545,F8024447
2546,F80244AA
2547,F802450A
2548,F8024557
2549,F80243F1
2550,F802445F
2551,F8024462
2552,F80245BE
2553,F802448B
2554,F802444A
2555,F80244F5
2556,F8024481
2557,F802445F
2558,F802448E
2559,F80244CE
2560,F8024434
2561,F8024416
2562,F80246FC
2563,F80244D2
2564,F80244CE
2565,F802443B
2566,F80243E5
2567,F80243EB
2568,F8024434
2569,F802443F
2570,F8024414
2571,F80243D4
2572,F802444C
2573,F8024447
2574,F8024426
2575,F8024A25
2576,F802444F
2577,F802456F
2578,F802444B
2579,F8024395
2580,F8024512
2581,F8024481
2582,F8024973
2583,F802441B
2584,F8024441
2585,F802440D
2586,F80244E0
2587,F8024419
2588,F8024706
2589,F8024439
2590,F802442D
2591,F80243F7
2592,F8024412
2593,F80243C4
2594,F8024420
2595,F8024493
2596,F8024454
2597,F80243E6
2598,F8024423
2599,F80243E2
2600,F80243E6
2601,F8024423
2602,F8024297
2603,F80244BA
2604,F802443E
2605,F802457C
2606,F802445B
2607,F802444C
2608,F8024464
2609,F80245EA
2610,F8024492
2611,F8024490
2612,F80244D5
2613,F80243A1
2614,F8024413
2615,F802483C
2616,F802464B
2617,F80243A3
2618,F8024394
2619,F8024554
2620,F80244CF
2621,F80244CC
2622,F802444F
2623,F80243C8
2624,F8024516
2625,F80244B2
2626,F80244B1
2627,F80244C3
2628,F80243E7
2629,F80246EA
2630,F8024493
2631,F8024602
2632,F80243F7
2633,F8024508
2634,F802445D
2635,F802447A
2636,F80244A9
2637,F80244ED
2638,F802446D
2639,F8024459
2640,F80245FF
2641,F80243D9
2642,F8024413
2643,F80243EB
2644,F8024450
2645,F80243E7
2646,F80244CB
2647,F802480B
2648,F8024435
2649,F8024423
2650,F80244F1
2651,F80245AA
2652,F802450E
2653,F8024429
2654,F8024427
2655,F80243EF
2656,F8024571
2657,F80243E0
2658,F8024464
2659,F8024594
2660,F8024417
2661,F8024690
2662,F802446F
2663,F802445C
2664,F80243FB
2665,F8024564
2666,F8024492
2667,F8024420
2668,F80243A3
2669,F80244CB
2670,F80243D9
2671,F80246CA
2672,F8024395
2673,F80244EB
2674,F802443A
2675,F80243FD
2676,F80244C0
2677,F80243E4
2678,F80244F1
2679,F8024479
2680,F80243AA
2681,F80244B3
2682,F80245AD
2683,F80243EC
2684,F802453C
2685,F802444F
2686,F802441B
2687,F802442C
2688,F80244C1
2689,F80244AC
2690,F80244AA
2691,F8024421
2692,F8024415
2693,F8024461
2694,F802442D
2695,F802456C
2696,F80244B7
2697,F802468F
2698,F8024468
2699,F8024496
2700,F802446E
2701,F80243CA
2702,F80244F5
2703,F80244AE
2704,F80243CD
2705,F8024442
2706,F8024422
2707,F8024460
2708,F802469F
2709,F80243E3
2710,F8024424
2711,F802444B
2712,F80244EB
2713,F80243D8
2714,F802461C
2715,F80244A2
2716,F8024513
2717,F8024421
2718,F8024478
2719,F80243C3
2720,F802453A
2721,F80244C7
2722,F8024475
2723,F802473F
2724,F8024547
2725,F80244D9
2726,F8024473
2727,F8024434
2728,F8024442
2729,F802457B
2730,F8024536
2731,F802445F
2732,F802443B
2733,F802448A
2734,F80244C5
2735,F80243E9
2736,F8024469
2737,F80244D5
2738,F80243CC
2739,F80245E3
2740,F80243FF
2741,F8024451
2742,F8024422
2743,F802442A
2744,F8024405
2745,F80243F6
2746,F8024658
2747,F80243F6
2748,F80244AF
2749,F8024474
2750,F8024425
2751,F802441D
2752,F80244B8
2753,F8024460
2754,F8024481
2755,F80244D3
2756,F8024430
2757,F802449D
2758,F802452A
2759,F8024422
2760,F80245AC
2761,F8024490
2762,F8024469
2763,F8024548
2764,F802440F
2765,F802440F
2766,F802443A
2767,F802440E
2768,F80244A6
2769,F80244FE
2770,F8024406
2771,F80243F6
2772,F80243DA
2773,F80243C6
2774,F8024429
2775,F8024420
2776,F802441C
2777,F802436A
2778,F8024449
2779,F8024464
2780,F80244B2
2781,F8024445
2782,F802442B
2783,F80243DF
2784,F8024511
2785,F80243E1
2786,F8024498
2787,F802465C
2788,F80243B9
2789,F8024453
2790,F8024419
2791,F802450A
2792,F8024454
2793,F80244CA
2794,F80243E6
2795,F8024468
2796,F802451F
2797,F8024406
2798,F8024467
2799,F8024914
2800,F8024456
2801,F802458A
2802,F8024528
2803,F8024532
2804,F8024442
2805,F80243F9
2806,F80244C3
2807,F8024809
2808,F802441A
2809,F8024525
2810,F80243E2
2811,F8024462
2812,F80243E0
2813,F802443E
2814,F80244F5
2815,F80244B5
2816,F8024661
2817,F80246C7
2818,F8024500
2819,F80243EC
2820,F8024581
2821,F802445A
2822,F80243EC
2823,F80244D0
2824,F80244B9
2825,F8024454
2826,F8024520
2827,F8024445
2828,F802453C
2829,F8024558
2830,F80243BC
2831,F8024460
2832,F802445B
2833,F8024390
2834,F802446C
2835,F80243F2
2836,F80243FA
2837,F8024515
2838,F8024497
2839,F80243FF
2840,F802451A
2841,F8024482
2842,F8024408
2843,F80243FB
2844,F802445F
2845,F80244BF
2846,F802449B
2847,F8024452
2848,F802445A
2849,F80243F7
2850,F802444B
2851,F80245D1
2852,F80244BB
2853,F80244A7
2854,F8024458
2855,F80243DE
2856,F80244D9
2857,F8024412
2858,F8024418
2859,F8024400
2860,F80243B8
2861,F8024439
2862,F8024441
2863,F80244AA
2864,F8024478
2865,F8024417
2866,F8024393
2867,F8024426
2868,F80244BA
2869,F80243AE
2870,F8024459
2871,F802448C
2872,F8024498
2873,F8024446
2874,F80244C3
2875,F802442D
2876,F802459C
2877,F802445E
2878,F80245F0
2879,F8024546
2880,F80243EA
2881,F80244F2
2882,F8024451
2883,F802448E
2884,F8024489
2885,F8024455
2886,F80245CA
2887,F8024421
2888,F8024486
2889,F802444D
2890,F8024816
2891,F80244D6
2892,F802470C
2893,F8024409
2894,F80244A0
2895,F80244E3
2896,F802452B
2897,F8024414
2898,F80244C7
2899,F802448A
2900,F8024431
2901,F80244B2
2902,F80244AF
2903,F802445D
2904,F802449E
2905,F8024459
2906,F8024465
2907,F802448E
2908,F8024470
2909,F80243EF
2910,F80246C1
2911,F8024458
2912,F8024450
2913,F8024402
2914,F8024471
2915,F802443E
2916,F80243E5
2917,F8024401
2918,F8024504
2919,F802450A
2920,F80243D0
2921,F8024403
2922,F8024450
2923,F80245D2
2924,F8024466
2925,F80247E6
2926,F802459E
2927,F8024532
2928,F8024607
2929,F8024523
2930,F802449D
2931,F8024793
2932,F8024470
2933,F80245CC
2934,F8024470
2935,F80244CC
2936,F80243FE
2937,F802443A
2938,F8024573
2939,F802445A
2940,F8024420
2941,F80243EC
2942,F802443A
2943,F8024558
2944,F8024433
2945,F80243AA
2946,F8024559
2947,F80245AC
2948,F80243AE
2949,F802449A
2950,F80243E6
2951,F80245D4
2952,F80244E9
2953,F8024420
2954,F80244B5
2955,F8024562
2956,F802440F
2957,F802448E
2958,F802444B
2959,F8024BDE
2960,F802440F
2961,F8024398
2962,F8024502
2963,F802442D
2964,F8024497
2965,F8024483
2966,F802477D
2967,F80244F1
2968,F802453E
2969,F802444D
2970,F8024536
2971,F80245A6
2972,F8024422
2973,F8024431
2974,F80243E2
2975,F80243D5
2976,F8024461
2977,F8024420
2978,F8024477
2979,F802447C
2980,F8024457
2981,F802440E
2982,F80243E9
2983,F8024772
2984,F80244AE
2985,F8024611
2986,F802450E
2987,F802443B
2988,F8024626
2989,F80244AE
2990,F802442E
2991,F8024405
2992,F8024672
2993,F802437C
2994,F8024587
2995,F80244A6
2996,F8024456
2997,F8024401
2998,F8024636
2999,F8024577
3000,F80243C8
3001,F802441E
3002,F802446D
3003,F80244F5
3004,F8024427
3005,F802443E
3006,F802447C
3007,F80246F4
3008,F8024509
3009,F8024437
3010,F80244CD
3011,F80244C7
3012,F8024463
3013,F8024442
3014,F80246DB
3015,F80243C6
3016,F8024456
3017,F8024404
3018,F8024607
3019,F802451E
3020,F8024438
3021,F8024437
3022,F8024595
3023,F802451F
3024,F80244CD
3025,F8024422
3026,F8024435
3027,F802439E
3028,F8024420
3029,F80243F3
3030,F802468B
3031,F8024452
3032,F8024489
3033,F80244B8
3034,F8024523
3035,F80244A6
3036,F8024505
3037,F80244EA
3038,F8024441
3039,F8024462
3040,F8024547
3041,F80244E1
3042,F8024522
3043,F8024426
3044,F80244EE
3045,F8024516
3046,F8024498
3047,F8024417
3048,F8024427
3049,F80244A5
3050,F8024417
3051,F80246D8
3052,F80243B8
3053,F802451B
3054,F802442A
3055,F8024484
3056,F802438B
3057,F802446F
3058,F80243E9
3059,F802447D
3060,F8024487
3061,F8024465
3062,F802483B
3063,F8024466
3064,F802445B
3065,F8024441
3066,F8024510
3067,F80244B9
3068,F802441F
3069,F80243ED
3070,F802440E
3071,F8024474
3072,F8024547
3073,F80243D7
3074,F8024419
3075,F8024430
3076,F8024463
3077,F80244D0
3078,F8024481
3079,F802449A
3080,F8024477
3081,F8024403
3082,F802466C
3083,F80244E2
3084,F80244D9
3085,F802444E
3086,F80243D1
3087,F8024635
3088,F8024680
3089,F8024432
3090,F802441F
3091,F802442B
3092,F8024421
3093,F802441E
3094,F80243EC
3095,F80243F0
3096,F80244BA
3097,F8024463
3098,F80244C2
3099,F802445B
3100,F80245F6
3101,F8024522
3102,F802452F
3103,F80243C1
3104,F8024651
3105,F802444B
3106,F80243AD
3107,F80243A4
3108,F8024472
3109,F802450B
3110,F80244EC
3111,F8024532
3112,F80245CE
3113,F80244D6
3114,F8024419
3115,F802449C
3116,F802441D
3117,F80245C3
3118,F802449C
3119,F80244E3
3120,F80244F1
3121,F8024453
3122,F802453D
3123,F8024456
3124,F80244AD
3125,F80244A0
3126,F80243E7
3127,F8024413
3128,F80243D2
3129,F802441A
3130,F80243C2
3131,F80243EF
3132,F8024424
3133,F802449F
3134,F8024580
3135,F802440F
3136,F80244C9
3137,F802451B
3138,F80244CE
3139,F8024841
3140,F80243FF
3141,F80243FB
3142,F80243F7
3143,F80244DD
3144,F8024644
3145,F8024493
3146,F802443E
3147,F8024512
3148,F8024445
3149,F80243C4
3150,F8024463
3151,F80243E6
3152,F80246C5
3153,F802440D
3154,F8024619
3155,F80244AA
3156,F80243D2
3157,F8024486
3158,F80244D6
3159,F80243EE
3160,F802442F
3161,F80244A7
3162,F8024454
3163,F80244D6
3164,F8024466
3165,F802446F
3166,F80244B4
3167,F80243C0
3168,F8024424
3169,F80244A1
3170,F802440C
3171,F8024468
3172,F802456E
3173,F80243C9
3174,F8024543
3175,F8024462
3176,F8024439
3177,F8024458
3178,F80245B4
3179,F80244A8
3180,F8024584
3181,F8024427
3182,F8024482
3183,F80244C9
3184,F8024400
3185,F802440D
3186,F80245A3
3187,F8024768
3188,F802449E
3189,F8024567
3190,F8024605
3191,F80245FF
3192,F80243FB
3193,F80243F3
3194,F80244F3
3195,F8024427
3196,F80244B7
3197,F802452D
3198,F8024465
3199,F80245B3
3200,F802460C
3201,F8024459
3202,F80243FE
3203,F8024504
3204,F80243E4
3205,F802451B
3206,F8024449
3207,F802443E
3208,F80244E7
3209,F802440A
3210,F80243D6
3211,F80243F4
3212,F80244E3
3213,F80243AC
3214,F8024542
3215,F8024427
3216,F80244F6
3217,F8024457
3218,F80247DA
3219,F80244BB
3220,F8024449
3221,F802441C
3222,F802442F
3223,F80243F1
3224,F80244F0
3225,F8024443
3226,F8024566
3227,F8024565
3228,F802489D
3229,F802475F
3230,F8024467
3231,F8024605
3232,F802469B
3233,F8024486
3234,F802458F
3235,F802448D
3236,F8024435
3237,F8024598
3238,F80245EC
3239,F8024417
3240,F8024517
3241,F8024497
3242,F802445A
3243,F8024461
3244,F8024457
3245,F80244D0
3246,F8024401
3247,F80243E9
3248,F80246FC
3249,F8024417
3250,F80243E3
3251,F802446C
3252,F80246A1
3253,F8024408
3254,F8024474
3255,F8024404
3256,F80243F8
3257,F8024413
3258,F80243A3
3259,F8024449
3260,F8024480
3261,F8024488
3262,F80243C5
3263,F8024479
3264,F80245BE
3265,F802472C
3266,F8024543
3267,F80246C4
3268,F80245EF
3269,F8024414
3270,F802457D
3271,F80243DF
3272,F8024408
3273,F802471B
3274,F80244B3
3275,F80243EC
3276,F80243F2
3277,F8024409
3278,F8024416
3279,F802451D
3280,F8024459
3281,F80243E6
3282,F80245E0
3283,F8024467
3284,F8024598
3285,F80243FC
3286,F8024640
3287,F802443F
3288,F80243EC
3289,F80244BB
3290,F8024418
3291,F8024477
3292,F8024491
3293,F8024417
3294,F802451C
3295,F80244D4
3296,F80244A5
3297,F8024492
3298,F8024431
3299,F80243EA
3300,F80244A0
3301,F8024412
3302,F80243D0
3303,F80243FE
3304,F8024433
3305,F802451F
3306,F802440F
3307,F8024408
3308,F802444E
3309,F802446F
3310,F8024412
3311,F80243C2
3312,F8024485
3313,F80243E8
3314,F8024453
3315,F80243D7
3316,F802442E
3317,F8024621
3318,F8024483
3319,F8024526
3320,F8024475
3321,F8024524
3322,F8024472
3323,F802465B
3324,F80243C0
3325,F802459A
3326,F802444D
3327,F8024447
3328,F802442F
3329,F80244D4
3330,F80243BF
3331,F8024431
3332,F80243C1
3333,F802448C
3334,F8024590
3335,F80243B6
3336,F8024424
3337,F80243F5
3338,F80246AC
3339,F80244D9
3340,F802450F
3341,F80244BF
3342,F802442D
3343,F8024441
3344,F80244D5
3345,F802455E
3346,F80244C9
3347,F80243C3
3348,F80245E8
3349,F8024778
3350,F80243DB
3351,F80244C5
3352,F802448E
3353,F802475D
3354,F8024509
3355,F8024478
3356,F80244AF
3357,F80243D0
3358,F8024382
3359,F80243FA
3360,F8024584
3361,F8024506
3362,F802442A
3363,F8024430
3364,F80244D5
3365,F8024601
3366,F8024503
3367,F802441E
3368,F80243DB
3369,F8024535
3370,F8024456
3371,F8024599
3372,F802441F
3373,F80244A8
3374,F80244D3
3375,F802456F
3376,F80243FF
3377,F802442B
3378,F8024396
3379,F80244AF
3380,F8024474
3381,F8024450
3382,F80243CA
3383,F8024487
3384,F80245D3
3385,F80246B4
3386,F802442D
3387,F80244B6
3388,F8024486
3389,F802444E
3390,F802440B
3391,F8024472
3392,F8024439
3393,F80244C3
3394,F8024495
3395,F80243D0
3396,F802444B
3397,F8024555
3398,F80244A6
3399,F80243E3
3400,F8024518
3401,F80243F2
3402,F802448B
3403,F802452D
3404,F80244C9
3405,F8024502
3406,F8024509
3407,F80247E0
3408,F8024419
3409,F8024545
3410,F80243F6
3411,F8024475
3412,F80243CF
3413,F8024573
3414,F8024417
3415,F80243C9
3416,F80243A7
3417,F80245A2
3418,F8024473
3419,F8024426
3420,F80243FE
3421,F80243E6
3422,F8024423
3423,F8024412
3424,F80244FC
3425,F80243DE
3426,F802445F
3427,F802448E
3428,F80243E3
3429,F8024445
3430,F802446C
3431,F8024527
3432,F80246EC
3433,F802441C
3434,F8024436
3435,F802447F
3436,F80243F6
3437,F802448C
3438,F802440E
3439,F802442C
3440,F80244DD
3441,F8024480
3442,F80243FC
3443,F8024393
3444,F80244C3
3445,F80244F6
3446,F80243EF
3447,F802444D
3448,F8024467
3449,F80244C2
3450,F8024576
3451,F80243E9
3452,F80246C1
3453,F8024446
3454,F8024486
3455,F80247FA
3456,F8024438
3457,F80243E2
3458,F802448D
3459,F802443F
3460,F802441B
3461,F80244BF
3462,F802448C
3463,F802449E
3464,F8024387
3465,F8024692
3466,F802446E
3467,F802454E
3468,F802468D
3469,F80243D6
3470,F8024422
3471,F802455E
3472,F80243FD
3473,F8024408
3474,F80245AD
3475,F80244EB
3476,F8024449
3477,F802454E
3478,F802443A
3479,F8024590
3480,F8024707
3481,F80244BA
3482,F80243E3
3483,F8024440
3484,F8024517
3485,F8024457
3486,F8024419
3487,F8024474
3488,F80244E8
3489,F802443F
3490,F80244C7
3491,F802443F
3492,F8024458
3493,F80244B5
3494,F802442F
3495,F802450C
3496,F802449E
3497,F8024655
3498,F80244EC
3499,F80243E6
3500,F802461A
3501,F8024461
3502,F802446C
3503,F80244D8
3504,F8024419
3505,F802458C
3506,F80246C2
3507,F80244AD
3508,F802441B
3509,F80245C6
3510,F80244E8
3511,F80243E0
3512,F80244D3
3513,F8024544
3514,F80245CA
3515,F80243EC
3516,F80244A0
3517,F802464A
3518,F8024481
3519,F802445D
3520,F8024452
3521,F80244EF
3522,F8024500
3523,F80244BA
3524,F80244B6
3525,F8024470
3526,F8024428
3527,F8024506
3528,F80245D3
3529,F802443F
3530,F8024496
3531,F8024566
3532,F802460A
3533,F8024542
3534,F802448E
3535,F8024438
3536,F802449F
3537,F80244DF
3538,F8024488
3539,F80244A5
3540,F80244E5
3541,F80244A3
3542,F80244C3
3543,F80244BA
3544,F8024421
3545,F8024408
3546,F802444B
3547,F802444F
3548,F802445D
3549,F80243F7
3550,F80243C1
3551,F80243D9
3552,F80243CF
3553,F8024585
3554,F80244B3
3555,F80244B7
3556,F8024417
3557,F80245B7
3558,F8024420
3559,F8024545
3560,F80243F9
3561,F80243F1
3562,F80243DE
3563,F80243F1
3564,F802447B
3565,F8024490
3566,F80244CC
3567,F80244C0
3568,F8024382
3569,F802445E
3570,F8024424
3571,F8024580
3572,F80244C3
3573,F8024495
3574,F8024497
3575,F802448A
3576,F8024490
3577,F802448A
3578,F80244BF
3579,F8024595
3580,F8024466
3581,F80243FD
3582,F8024412
3583,F8024403
3584,F80244A0
3585,F8024425
3586,F8024508
3587,F8024517
3588,F8024475
3589,F8024544
3590,F802442E
3591,F802443F
3592,F8024494
3593,F80245BF
3594,F80244CB
3595,F8024402
3596,F8024775
3597,F802443D
3598,F80244AF
3599,F80244A7
3600,F802461A
3601,F802445A
3602,F80243BF
3603,F802441E
3604,F8024450
3605,F802452B
3606,F80244CD
3607,F80246BF
3608,F80244ED
3609,F8024468
3610,F802454E
3611,F80244EF
3612,F8024435
3613,F8024470
3614,F8024847
3615,F80244E2
3616,F8024423
3617,F80244FC
3618,F80244FF
3619,F80245E3
3620,F8024641
3621,F80244AE
3622,F802444A
3623,F802441C
3624,F8024473
3625,F8024486
3626,F80244B0
3627,F8024415
3628,F80243F0
3629,F8024444
3630,F8024703
3631,F802458A
3632,F80244AD
3633,F80244D5
3634,F8024428
3635,F8024401
3636,F8024431
3637,F802441C
3638,F80243F4
3639,F8024667
3640,F8024583
3641,F8024504
3642,F8024448
3643,F80244AA
3644,F8024475
3645,F802465C
3646,F80243E7
3647,F80246A5
3648,F8024381
3649,F80243AE
3650,F80244C5
3651,F8024830
3652,F802478E
3653,F8024483
3654,F80243F6
3655,F8024514
3656,F802441A
3657,F80244E1
3658,F8024436
3659,F80244B5
3660,F802442B
3661,F802445F
3662,F80244C5
3663,F80244B2
3664,F802444D
3665,F8024576
3666,F80244EC
3667,F8024563
3668,F8024461
3669,F80244AA
3670,F80244BC
3671,F80243ED
3672,F8024465
3673,F8024401
3674,F8024494
3675,F80245A6
3676,F8024453
3677,F80243E9
3678,F80244AB
3679,F80244F0
3680,F80244FA
3681,F80244C6
3682,F802457C
3683,F80243F2
3684,F80243D1
3685,F80244AB
3686,F80245CA
3687,F80244B8
3688,F8024473
3689,F8024439
3690,F80244D8
3691,F8024420
3692,F8024529
3693,F802443D
3694,F80243F7
3695,F8024565
3696,F802452A
3697,F802448D
3698,F802444C
3699,F802440F
3700,F8024409
3701,F80243FC
3702,F8024452
3703,F802448C
3704,F802443E
3705,F802448D
3706,F8024496
3707,F8024463
3708,F80244F1
3709,F80243BB
3710,F802448B
3711,F802442C
3712,F8024475
3713,F802444B
3714,F802440B
3715,F8024430
3716,F80245CA
3717,F802441D
3718,F8024406
3719,F80244BB
3720,F8024451
3721,F80246DB
3722,F80243F5
3723,F80243D0
3724,F802440D
3725,F80245A7
3726,F8024476
3727,F8024459
3728,F8024453
3729,F802447E
3730,F8024567
3731,F802446C
3732,F802448B
3733,F802481F
3734,F802449E
3735,F8024406
3736,F8024422
3737,F80243F2
3738,F802443E
3739,F802445A
3740,F8024445
3741,F80243EF
3742,F80244C6
3743,F80245FF
3744,F80246A2
3745,F802449B
3746,F802465E
3747,F802460C
3748,F8024465
3749,F8024424
3750,F802454B
3751,F8024471
3752,F802464D
3753,F802442C
3754,F80245B5
3755,F802444D
3756,F802455E
3757,F802441C
3758,F8024729
3759,F80243EC
3760,F8024427
3761,F80244B5
3762,F80243C6
3763,F80243D3
3764,F802440B
3765,F80243EA
3766,F8024426
3767,F80244C5
3768,F802444D
3769,F8024440
3770,F8024656
3771,F8024ACC
3772,F8024458
3773,F80244CE
3774,F80243D6
3775,F8024453
3776,F80244B4
3777,F8024466
3778,F80245C4
3779,F802444E
3780,F8024772
3781,F80244DE
3782,F8024533
3783,F80244A2
3784,F802446A
3785,F80244D9
3786,F80244D8
3787,F802447A
3788,F8024435
3789,F80245A5
3790,F80244A5
3791,F8024622
3792,F8024490
3793,F8024625
3794,F8024428
3795,F80243EC
3796,F80243DB
3797,F8024528
3798,F8024497
3799,F8024453
3800,F8024443
3801,F8024450
3802,F802442A
3803,F80243F6
3804,F8024443
3805,F8024415
3806,F802444B
3807,F802442E
3808,F80244AD
3809,F802439B
3810,F80243BF
3811,F8024436
3812,F8024461
3813,F8024469
3814,F80243CF
3815,F8024474
3816,F8024406
3817,F8024471
3818,F802444F
3819,F8024417
3820,F802444D
3821,F80244BD
3822,F8024679
3823,F80243FE
3824,F8024401
3825,F80243CA
3826,F8024400
3827,F802452E
3828,F802444B
3829,F802463E
3830,F80243AD
3831,F80244AE
3832,F80243CC
3833,F8024477
3834,F802441A
3835,F8024505
3836,F8024566
3837,F8024508
3838,F802446E
3839,F8024401
3840,F802440B
3841,F8024428
3842,F80245BA
3843,F8024428
3844,F80244B4
3845,F80243F7
3846,F8024607
3847,F80244FD
3848,F8024473
3849,F80244B8
3850,F802458C
3851,F80243E0
3852,F802444B
3853,F80243FD
3854,F80244A4
3855,F80243B8
3856,F80244CA
3857,F802443B
3858,F80243C9
3859,F80243E5
3860,F8024501
3861,F80244FF
3862,F8024419
3863,F80243FA
3864,F802456C
3865,F802446D
3866,F80244E7
3867,F802442E
3868,F80243A7
3869,F8024619
3870,F8024486
3871,F802446D
3872,F8024480
3873,F8024541
3874,F802456F
3875,F80247D7
3876,F8024523
3877,F8024437
3878,F802451C
3879,F802440A
3880,F802451A
3881,F802453B
3882,F80243FB
3883,F8024512
3884,F8024427
3885,F802444B
3886,F8024399
3887,F8024564
3888,F80244C7
3889,F802446A
3890,F80243BE
3891,F80244D1
3892,F8024448
3893,F80244F4
3894,F8024558
3895,F802457E
3896,F8024541
3897,F8024419
3898,F8024456
3899,F802448F
3900,F80243DF
3901,F80245CB
3902,F80248B9
3903,F80245BC
3904,F802445C
3905,F8024603
3906,F80244AC
3907,F80245E0
3908,F8024419
3909,F80243DC
3910,F8024475
3911,F8024488
3912,F80244DF
3913,F80245C4
3914,F80243A3
3915,F802453B
3916,F802455F
3917,F802442A
3918,F802453A
3919,F8024480
3920,F80243D0
3921,F80243C0
3922,F8024749
3923,F8024373
3924,F802445A
3925,F802451E
3926,F8024462
3927,F8024448
3928,F802448D
3929,F802443A
3930,F80244AA
3931,F80244AC
3932,F8024445
3933,F802462C
3934,F80246AB
3935,F80246C4
3936,F80243CF
3937,F8024412
3938,F8024690
3939,F802444F
3940,F8024410
3941,F8024462
3942,F80243F3
3943,F80244FB
3944,F80244A5
3945,F802447E
3946,F802449C
3947,F8024430
3948,F802449B
3949,F8024558
3950,F80244BB
3951,F80244FB
3952,F80244A5
3953,F80244B6
3954,F80244A0
3955,F80243C2
3956,F802448C
3957,F802443B
3958,F8024494
3959,F8024489
3960,F8024432
3961,F802443C
3962,F802464C
3963,F802443C
3964,F80245B1
3965,F802444F
3966,F8024465
3967,F80243DB
3968,F80244C3
3969,F8024CE0
3970,F80244FA
3971,F8024399
3972,F8024452
3973,F80245D7
3974,F8024500
3975,F802445C
3976,F802446D
3977,F80243BF
3978,F80244AA
3979,F8024594
3980,F802451C
3981,F80244F7
3982,F8024684
3983,F80244B7
3984,F802452D
3985,F80244A3
3986,F80244D1
3987,F80244A3
3988,F8024408
3989,F8024490
3990,F8024501
3991,F802442A
3992,F80247C7
3993,F8024469
3994,F8024504
3995,F80244B7
3996,F80243DE
3997,F8024512
3998,F8024437
3999,F802447D
4000,F80243EB
4001,F802447C
4002,F802441F
4003,F802462B
4004,F802454B
4005,F802455C
4006,F8024478
4007,F8024433
4008,F80245B1
4009,F802451E
4010,F80244EE
4011,F8024462
4012,F80244C8
4013,F80244F3
4014,F802439A
4015,F80243CA
4016,F8024512
4017,F80244D6
4018,F80244CF
4019,F8024405
4020,F80244C3
4021,F8024683
4022,F80244D7
4023,F802444A
4024,F80244CA
4025,F802442D
4026,F80244AC
4027,F8024482
4028,F802444D
4029,F802448D
4030,F80244B8
4031,F802441F
4032,F8024449
4033,F8024437
4034,F80245DB
4035,F802451B
4036,F8024394
4037,F8024403
4038,F80244D8
4039,F80244AB
4040,F8024464
4041,F80246BC
4042,F8024469
4043,F80243F5
4044,F8024409
4045,F8024431
4046,F8024449
4047,F8024427
4048,F8024445
4049,F80245A7
4050,F8024557
4051,F8024484
4052,F8024695
4053,F802449B
4054,F8024418
4055,F80244E1
4056,F80244DD
4057,F8024505
4058,F8024453
4059,F802466F
4060,F80243E6
4061,F80246E7
4062,F80243D6
4063,F80243DF
4064,F80243C6
4065,F8024431
4066,F8024429
4067,F80244BC
4068,F8024657
4069,F802458D
4070,F80244C6
4071,F8024434
4072,F8024529
4073,F802440B
4074,F8024528
4075,F80244DD
4076,F8024473
4077,F80243EB
4078,F8024403
4079,F802450A
4080,F8024456
4081,F80244AC
4082,F80243F8
4083,F8024477
4084,F802442E
4085,F80244C4
4086,F80247EA
4087,F8024488
4088,F8024434
4089,F80244B3
4090,F80244AB
4091,F80243EE
4092,F80246FF
4093,F8024402
4094,F80244EC
4095,F802444E
4096,F8024626
4097,F8024499
4098,F8024409
4099,F80244B5
4100,F80244FC
4101,F80244D9
4102,F8024554
4103,F80244B9
4104,F8024419
4105,F8024487
4106,F8024493
4107,F802444F
4108,F8024464
4109,F80245F1
4110,F802445C
4111,F8024501
4112,F802446A
4113,F80243D2
4114,F80243C4
4115,F80243E6
4116,F8024487
4117,F802444B
4118,F8024441
4119,F8024412
4120,F8024377
4121,F802446D
4122,F8024455
4123,F80243C5
4124,F802443F
4125,F802478D
4126,F802446D
4127,F8024457
4128,F80246B7
4129,F8024452
4130,F802442B
4131,F8024454
4132,F8024460
4133,F8024457
4134,F802447C
4135,F8024590
4136,F8024448
4137,F8024400
4138,F80243AE
4139,F8024714
4140,F80243BA
4141,F802459A
4142,F80243FD
4143,F802442C
4144,F8024454
4145,F80244DF
4146,F80244AD
4147,F8024535
4148,F8024530
4149,F80243F9
4150,F80243B3
4151,F8024474
4152,F8024435
4153,F8024730
4154,F80243FD
4155,F8024437
4156,F8024499
4157,F80244DF
4158,F80243F3
4159,F8024416
4160,F8024471
4161,F80244D7
4162,F802441D
4163,F8024542
4164,F80246DE
4165,F802445A
4166,F80244AA
4167,F8024432
4168,F802445B
4169,F802437D
4170,F80243F5
4171,F80244C9
4172,F802464B
4173,F8024621
4174,F80243CA
4175,F802454D
4176,F802455D
4177,F80244D2
4178,F80246EE
4179,F80243C2
4180,F80244B8
4181,F802440B
4182,F802441F
4183,F8024478
4184,F8024410
4185,F8024425
4186,F8024599
4187,F80243DA
4188,F80244C5
4189,F80244A2
4190,F80244B1
4191,F80243D4
4192,F802465F
4193,F8024395
4194,F80244AC
4195,F80245ED
4196,F8024577
4197,F802442C
4198,F802445D
4199,F8024374
4200,F8024495
4201,F80243CE
4202,F8024478
4203,F802443B
4204,F80245BB
4205,F80244B9
4206,F802447E
4207,F8024438
4208,F80244C3
4209,F8024444
4210,F80243B8
4211,F80244CB
4212,F802440A
4213,F80245D9
4214,F8024460
4215,F80243CC
4216,F8024412
4217,F80244B0
4218,F802441A
4219,F8024574
4220,F80244D8
4221,F802448B
4222,F80246CD
4223,F802445D
4224,F80244F4
4225,F8024463
4226,F80244AB
4227,F80244B5
4228,F80244F1
4229,F80244E1
4230,F80243D9
4231,F80243DD
4232,F8024462
4233,F8024428
4234,F802468F
4235,F8024752
4236,F802446C
4237,F802441C
4238,F802459D
4239,F802441B
4240,F8024498
4241,F8024473
4242,F802448C
4243,F80246B3
4244,F8024644
4245,F8024418
4246,F802449F
4247,F8024540
4248,F80243EB
4249,F80245A4
4250,F80243ED
4251,F802448E
4252,F802445F
4253,F80243BD
4254,F80243BF
4255,F80243CC
4256,F802452C
4257,F80243F7
4258,F8024453
4259,F8024466
4260,F802441E
4261,F8024405
4262,F80243D6
4263,F802457B
4264,F8024695
4265,F802461D
4266,F8024510
4267,F80244A5
4268,F8024465
4269,F802449F
4270,F8024401
4271,F802442F
4272,F8024450
4273,F8024473
4274,F802443D
4275,F802444B
4276,F802443B
4277,F80244BC
4278,F8024421
4279,F802436A
4280,F802449E
4281,F80246E8
4282,F80244C8
4283,F802444A
4284,F80245E7
4285,F8024496
4286,F80243C7
4287,F80244D1
4288,F802448B
4289,F8024589
4290,F8024513
4291,F80243FC
4292,F80243E5
4293,F802447B
4294,F8024700
4295,F8024411
4296,F802471D
4297,F802446E
4298,F8024565
4299,F80244CE
4300,F80243D0
4301,F8024467
4302,F80244C7
4303,F8024428
4304,F80243F1
4305,F8024466
4306,F80245F0
4307,F802444E
4308,F8024456
4309,F8024486
4310,F802445B
4311,F8024403
4312,F80244A4
4313,F8024443
4314,F80244BC
4315,F8024483
4316,F802441D
4317,F80243E8
4318,F80243EE
4319,F802445A
4320,F8024423
4321,F802455B
4322,F80244AE
4323,F80244E7
4324,F8024897
4325,F80243EC
4326,F80244F9
4327,F8024441
4328,F8024436
4329,F80243E3
4330,F8024413
4331,F802444E
4332,F802440E
4333,F80247F1
4334,F80244A6
4335,F80246E1
4336,F80243D0
4337,F80243DE
4338,F80245F0
4339,F80245AD
4340,F80244AB
4341,F8024586
4342,F80244F0
4343,F80243F5
4344,F80243CC
4345,F80244E7
4346,F8024567
4347,F8024452
4348,F8024420
4349,F80243F4
4350,F80244D4
4351,F8024443
4352,F80243EB
4353,F8024419
4354,F802452A
4355,F8024431
4356,F8024772
4357,F8024803
4358,F8024484
4359,F8024426
4360,F8024710
4361,F80244CB
4362,F80243FA
4363,F8024442
4364,F8024556
4365,F802443D
4366,F802443E
4367,F80243EA
4368,F8024409
4369,F802447E
4370,F8024424
4371,F80244D4
4372,F80244D0
4373,F80244E8
4374,F80243B8
4375,F8024400
4376,F8024411
4377,F802449B
4378,F80243FE
4379,F8024455
4380,F80244D4
4381,F8024448
4382,F802450A
4383,F80245CA
4384,F8024474
4385,F80243DD
4386,F802454B
4387,F8024488
4388,F8024451
4389,F80244C4
4390,F802441F
4391,F8024868
4392,F8024631
4393,F8024395
4394,F80243DE
4395,F8024436
4396,F80243E6
4397,F8024757
4398,F80243B6
4399,F80244FD
4400,F802449E
4401,F80243EA
4402,F80244CA
4403,F802466B
4404,F80244EC
4405,F80244DF
4406,F80244CD
4407,F8024B60
4408,F80243ED
4409,F8024439
4410,F8024417
4411,F80243EE
4412,F80243EE
4413,F802443C
4414,F8024646
4415,F8024631
4416,F8024437
4417,F8024694
4418,F80245B3
4419,F80244FE
4420,F80243F4
4421,F8024540
4422,F8024422
4423,F802454B
4424,F8024556
4425,F80243C6
4426,F80244C5
4427,F8024422
4428,F80243B2
4429,F80245BE
4430,F8024397
4431,F8024405
4432,F80243E8
4433,F80243CC
4434,F80243BF
4435,F802448F
4436,F80244BA
4437,F8024486
4438,F8024554
4439,F80244EB
4440,F8024508
4441,F8024456
4442,F802445B
4443,F8024584
4444,F8024465
4445,F80243E7
4446,F8024417
4447,F80246D7
4448,F80243C9
4449,F80246E6
4450,F80245AD
4451,F8024437
4452,F80244ED
4453,F80243E0
4454,F80244B8
4455,F802444E
4456,F80244B6
4457,F8024545
4458,F802451F
4459,F802451B
4460,F8024486
4461,F802446D
4462,F802443B
4463,F802444D
4464,F8024409
4465,F802449B
4466,F80245B6
4467,F8024592
4468,F802442C
4469,F8024664
4470,F802442F
4471,F802446F
4472,F802450B
4473,F80243F7
4474,F8024410
4475,F8024370
4476,F802440D
4477,F8024455
4478,F80243B9
4479,F8024617
4480,F8024723
4481,F80243EF
4482,F8024543
4483,F8024438
4484,F8024482
4485,F8024421
4486,F8024428
4487,F802444D
4488,F8024487
4489,F802450E
4490,F802455A
4491,F8024449
4492,F802443B
4493,F80245EA
4494,F80244F3
4495,F8024508
4496,F80244AB
4497,F80244BA
4498,F802447A
4499,F802448C
4500,F8024447
4501,F80243F6
4502,F8024494
4503,F8024469
4504,F802447E
4505,F8024481
4506,F8024442
4507,F80243D5
4508,F802440F
4509,F80244A3
4510,F802441B
4511,F80244B6
4512,F80245FC
4513,F80248C6
4514,F80244DA
4515,F802442F
4516,F8024401
4517,F80243D6
4518,F8024438
4519,F802444E
4520,F80245A7
4521,F80244A5
4522,F8024464
4523,F8024449
4524,F80244D0
4525,F80244B5
4526,F8024576
4527,F8024508
4528,F802441A
4529,F8024446
4530,F80246E6
4531,F80245D8
4532,F80244E0
4533,F802440F
4534,F80244A4
4535,F802453C
4536,F802461C
4537,F8024419
4538,F8024418
4539,F8024552
4540,F80243BF
4541,F8024519
4542,F8024470
4543,F802454E
4544,F80248AB
4545,F8024421
4546,F802444A
4547,F8024494
4548,F8024640
4549,F80244A6
4550,F8024423
4551,F8024517
4552,F8024601
4553,F8024444
4554,F8024400
4555,F802441D
4556,F80243A3
4557,F80243E1
4558,F8024421
4559,F8024443
4560,F80243FC
4561,F80243B6
4562,F802442B
4563,F8024453
4564,F8024755
4565,F8024440
4566,F8024457
4567,F80244DF
4568,F80243F0
4569,F80244CE
4570,F80244AE
4571,F802448D
4572,F80243F1
4573,F8024E0E
4574,F8024466
4575,F8024542
4576,F802443C
4577,F8024605
4578,F80245C1
4579,F80244BC
4580,F8024501
4581,F80245B0
4582,F8024450
4583,F80246A2
4584,F80243FC
4585,F802440F
4586,F80243B6
4587,F802446C
4588,F80243FD
4589,F802446B
4590,F802450C
4591,F8024413
4592,F8024892
4593,F802462E
4594,F802448D
4595,F80244AB
4596,F80244B6
4597,F80243B9
4598,F8024417
4599,F8024457
4600,F8024475
4601,F8024437
4602,F8024423
4603,F80244DC
4604,F80243FE
4605,F802447E
4606,F802450E
4607,F802454C
4608,F802441B
4609,F8024487
4610,F802449E
4611,F80243F2
4612,F80244AA
4613,F8024426
4614,F8024429
4615,F80243CD
4616,F8024461
4617,F80245DF
4618,F802448C
4619,F802448F
4620,F80244A5
4621,F8024483
4622,F8024444
4623,F80243E3
4624,F80244E6
4625,F80244EF
4626,F8024705
4627,F802449F
4628,F8024658
4629,F8024447
4630,F80243F1
4631,F8024501
4632,F80244AD
4633,F80244E4
4634,F8024585
4635,F80244B1
4636,F8024496
4637,F80244D7
4638,F8024449
4639,F802447A
4640,F802445B
4641,F802441A
4642,F8024510
4643,F80244F1
4644,F8024428
4645,F80243FB
4646,F8024452
4647,F8024428
4648,F8024412
4649,F80243B1
4650,F802443C
4651,F8024542
4652,F80244AE
4653,F80244FC
4654,F8024471
4655,F8024445
4656,F8024538
4657,F8024709
4658,F8024438
4659,F8024564
4660,F8024392
4661,F8024458
4662,F8024453
4663,F80243F4
4664,F8024458
4665,F80243A3
4666,F80244DA
4667,F802446E
4668,F802447A
4669,F802439D
4670,F8024531
4671,F8024476
4672,F802445B
4673,F80244EF
4674,F80243FC
4675,F8024641
4676,F8024479
4677,F80243F3
4678,F80246E7
4679,F80244AB
4680,F8024453
4681,F80243C8
4682,F80243C9
4683,F802441C
4684,F802448A
4685,F802442F
4686,F8024436
4687,F80244C2
4688,F80243B5
4689,F80245D0
4690,F8024452
4691,F8024460
4692,F802465F
4693,F80245C0
4694,F802448E
4695,F8024492
4696,F80243EF
4697,F8024410
4698,F80246B0
4699,F802461D
4700,F80244D1
4701,F80247A5
4702,F802444C
4703,F802448E
4704,F802444B
4705,F80243FF
4706,F80244B1
4707,F802456A
4708,F8024416
4709,F8024679
4710,F80243E2
4711,F8024478
4712,F8024510
4713,F8024410
4714,F8024514
4715,F8024514
4716,F8024460
4717,F8024433
4718,F80247B3
4719,F802448B
4720,F802443F
4721,F80244A7
4722,F80245B4
4723,F8024407
4724,F8024456
4725,F802452A
4726,F802448D
4727,F802444F
4728,F8024496
4729,F8024489
4730,F80246BA
4731,F80243AE
4732,F80244D3
4733,F80243C6
4734,F802449D
4735,F8024432
4736,F8024405
4737,F8024459
4738,F80243F5
4739,F8024546
4740,F8024528
4741,F80244D4
4742,F8024519
4743,F80244E3
4744,F80244E4
4745,F802441D
4746,F80243C3
4747,F80243CD
4748,F80243FB
4749,F8024403
4750,F8024407
4751,F802441B
4752,F8024412
4753,F80244AD
4754,F8024469
4755,F8024591
4756,F802456E
4757,F8024461
4758,F80243A7
4759,F802443E
4760,F8024452
4761,F802449E
4762,F8024518
4763,F8024743
4764,F8024383
4765,F80243BF
4766,F802460B
4767,F80244F4
4768,F8024761
4769,F80244A3
4770,F8024415
4771,F8024453
4772,F8024479
4773,F8024403
4774,F8024465
4775,F80243A7
4776,F80243ED
4777,F8024460
4778,F80243E7
4779,F8024510
4780,F80244B5
4781,F80244D3
4782,F80244A2
4783,F8024459
4784,F802440F
4785,F80244BC
4786,F8024507
4787,F80243F1
4788,F8024415
4789,F8024662
4790,F8024472
4791,F8024493
4792,F80244A9
4793,F8024401
4794,F802443F
4795,F8024435
4796,F8024431
4797,F80244D7
4798,F8024536
4799,F8024481
4800,F802461A
4801,F8024523
4802,F802458C
4803,F80244C1
4804,F80243EF
4805,F802443C
4806,F8024525
4807,F8024410
4808,F80244C6
4809,F80243EF
4810,F8024427
4811,F8024375
4812,F802441F
4813,F8024555
4814,F802444F
4815,F8024B57
4816,F8024541
4817,F80244F8
4818,F80243F0
4819,F8024617
4820,F802453D
4821,F8024461
4822,F80243FD
4823,F80243F6
4824,F8024440
4825,F8024416
4826,F80244A6
4827,F802440C
4828,F8024407
4829,F80245C7
4830,F802450D
4831,F80244CE
4832,F8024461
4833,F8024487
4834,F8024505
4835,F80243F0
4836,F8024446
4837,F8024655
4838,F80244E9
4839,F80244E0
4840,F802445F
4841,F802454F
4842,F802441B
4843,F802448C
4844,F8024516
4845,F80244E2
4846,F802444C
4847,F802440F
4848,F802498C
4849,F802445F
4850,F8024408
4851,F802447C
4852,F8024426
4853,F80243E8
4854,F8024504
4855,F80243B3
4856,F802456C
4857,F8024432
4858,F8024526
4859,F8024405
4860,F8024497
4861,F8024629
4862,F8024463
4863,F8024411
4864,F80243F8
4865,F8024595
4866,F80244F0
4867,F8024A26
4868,F802445F
4869,F802442A
4870,F80243C5
4871,F80245AD
4872,F80244B0
4873,F80244B8
4874,F8024434
4875,F80243D0
4876,F8024484
4877,F80244BF
4878,F8024619
4879,F8024476
4880,F8024463
4881,F8024472
4882,F802445D
4883,F802441C
4884,F802449C
4885,F8024460
4886,F8024457
4887,F802442B
4888,F802455B
4889,F8024496
4890,F80245F6
4891,F802443E
4892,F80244B8
4893,F802445C
4894,F8024516
4895,F80244AC
4896,F802459F
4897,F802444D
4898,F80244B7
4899,F8024493
4900,F8024402
4901,F80244E7
4902,F8024517
4903,F802448B
4904,F8024512
4905,F8024553
4906,F80244F6
4907,F8024465
4908,F8024404
4909,F80243E2
4910,F802456B
4911,F80244B3
4912,F80243FB
4913,F8024430
4914,F80243F7
4915,F8024454
4916,F80243C0
4917,F8024509
4918,F80244A1
4919,F80249C0
4920,F8024436
4921,F802447D
4922,F802440B
4923,F8024431
4924,F802448A
4925,F80243AF
4926,F80244D7
4927,F8024605
4928,F80244DC
4929,F8024454
4930,F80243E2
4931,F80244C3
4932,F802451C
4933,F80243CD
4934,F80245B8
4935,F8024416
4936,F80245C2
4937,F8024459
4938,F80246C3
4939,F802441F
4940,F8024497
4941,F80243FC
4942,F802454D
4943,F80243EA
4944,F8024412
4945,F80243C2
4946,F80243B4
4947,F8024462
4948,F8024426
4949,F8024542
4950,F8024671
4951,F802445E
4952,F80244DB
4953,F802438E
4954,F8024431
4955,F802446B
4956,F80244B4
4957,F80243C5
4958,F8024407
4959,F80243FF
4960,F802441C
4961,F80244A9
4962,F802440E
4963,F8024501
4964,F80244CD
4965,F802442E
4966,F802447D
4967,F80244DD
4968,F80244BD
4969,F802471A
4970,F802453D
4971,F802437E
4972,F80245D7
4973,F80244F7
4974,F8024605
4975,F8024500
4976,F8024422
4977,F80244C7
4978,F802443E
4979,F80246A1
4980,F80243D9
4981,F802443C
4982,F802444A
4983,F80244CA
4984,F80245CD
4985,F802447C
4986,F8024476
4987,F802442A
4988,F8024404
4989,F8024664
4990,F802457B
4991,F80247A4
4992,F8024441
4993,F80243C3
4994,F802458E
4995,F80244A1
4996,F80245AC
4997,F80244CE
4998,F8024D46
4999,F8024529
5000,F8024435
5001,F80243E5
5002,F80244E4
5003,F8024439
5004,F8024479
5005,F80244D7
5006,F80244F1
5007,F802445A
5008,F80243BA
5009,F80243B7
5010,F80244E2
5011,F80243D2
5012,F80243F8
5013,F802450B
5014,F802454E
5015,F802453D
5016,F8024428
5017,F8024460
5018,F80246AF
5019,F80244CC
5020,F80245DF
5021,F80243D2
5022,F8024493
5023,F8024509
5024,F80243FA
5025,F80243EA
5026,F802449E
5027,F80244B3
5028,F80243C0
5029,F80244BD
5030,F80243DF
5031,F80243A3
5032,F802445F
5033,F8024636
5034,F802448C
5035,F8024452
5036,F802448E
5037,F8024522
5038,F80244A5
5039,F8024406
5040,F802446D
5041,F80244F5
5042,F80244EA
5043,F80244CB
5044,F802447E
5045,F8024467
5046,F80243EE
5047,F8024419
5048,F802445F
5049,F802445E
5050,F802443C
5051,F8024563
5052,F8024458
5053,F8024498
5054,F8024406
5055,F80243C7
5056,F80243DB
5057,F802447A
5058,F80244AC
5059,F80244A1
5060,F802451A
5061,F8024493
5062,F802442D
5063,F80244E7
5064,F802445A
5065,F802446D
5066,F802443B
5067,F8024427
5068,F802449D
5069,F8024411
5070,F80244C6
5071,F80244A0
5072,F8024483
5073,F802441D
5074,F80245E4
5075,F80244ED
5076,F8024457
5077,F80243DF
5078,F802441B
5079,F802450B
5080,F80243B3
5081,F8024417
5082,F80244EE
5083,F8024456
5084,F8024412
5085,F8024439
5086,F802443A
5087,F80243F1
5088,F8024462
5089,F802448B
5090,F802448F
5091,F802446A
5092,F80243C1
5093,F80244EC
5094,F802446C
5095,F8024447
5096,F8024479
5097,F802446F
5098,F802441B
5099,F802450F
5100,F80244C3
5101,F8024503
5102,F80244AF
5103,F80243F0
5104,F8024612
5105,F802444F
5106,F802440E
5107,F8024464
5108,F8024416
5109,F80244B4
5110,F80244CD
5111,F8024656
5112,F8024502
5113,F80243A3
5114,F80243BE
5115,F8024460
5116,F80244FB
5117,F8024491
5118,F8024427
5119,F802449F
5120,F80244EE
5121,F802441B
5122,F802447E
5123,F802448B
5124,F802440C
5125,F802446F
5126,F80244DD
5127,F802445F
5128,F802449E
5129,F80244C3
5130,F8024500
5131,F8024464
5132,F802451E
5133,F802446C
5134,F802449C
5135,F8024729
5136,F80244C1
5137,F80246D9
5138,F8024458
5139,F80244E3
5140,F8024444
5141,F8024463
5142,F8024675
5143,F80243E0
5144,F8024471
5145,F80247A5
5146,F80244E9
5147,F802449B
5148,F8024410
5149,F802445B
5150,F802457B
5151,F80245D1
5152,F8024386
5153,F8024481
5154,F8024547
5155,F80244A4
5156,F8024616
5157,F80244CA
5158,F8024436
5159,F8024470
5160,F8024471
5161,F802444C
5162,F8024763
5163,F8024433
5164,F80246F0
5165,F8024464
5166,F802440F
5167,F8024460
5168,F8024439
5169,F80243F5
5170,F802444F
5171,F80244C0
5172,F802441E
5173,F80246D2
5174,F80245C1
5175,F802445E
5176,F802443A
5177,F8024627
5178,F8024471
5179,F8024425
5180,F802441D
5181,F8024478
5182,F802445F
5183,F8024587
5184,F802482A
5185,F8024468
5186,F8024416
5187,F80243FD
5188,F80243E1
5189,F8024407
5190,F8024390
5191,F8024444
5192,F8024486
5193,F802441D
5194,F802445A
5195,F8024439
5196,F80243F4
5197,F80243A8
5198,F8024410
5199,F80243C2
5200,F8024405
5201,F802440D
5202,F8024503
5203,F802440D
5204,F802452D
5205,F8024450
5206,F802443D
5207,F8024479
5208,F8024502
5209,F8024594
5210,F80243FC
5211,F80243F6
5212,F8024473
5213,F80244F2
5214,F80243D0
5215,F802442D
5216,F8024417
5217,F802456C
5218,F802442F
5219,F802448D
5220,F8024600
5221,F8024446
5222,F80243CF
5223,F8024418
5224,F80243F7
5225,F8024413
5226,F80244BC
5227,F8024459
5228,F8024569
5229,F80246F3
5230,F80246B4
5231,F8024950
5232,F8024445
5233,F802454E
5234,F80244A6
5235,F802455C
5236,F80243C5
5237,F8024438
5238,F80245B8
5239,F80244AF
5240,F802437A
5241,F80244D0
5242,F8024474
5243,F80244F9
5244,F80244ED
5245,F80245FA
5246,F8024467
5247,F802443D
5248,F8024413
5249,F8024483
5250,F80244EA
5251,F802453F
5252,F8024486
5253,F80243C4
5254,F8024526
5255,F80243EF
5256,F802450C
5257,F8024489
5258,F80244B8
5259,F80244BC
5260,F8024429
5261,F8024427
5262,F80245F8
5263,F8024628
5264,F802447B
5265,F80244B0
5266,F80247A1
5267,F802498C
5268,F80243EE
5269,F8024479
5270,F8024680
5271,F802445D
5272,F8024492
5273,F8024539
5274,F802448D
5275,F8024580
5276,F80243F2
5277,F80245A8
5278,F80244CA
5279,F80243F2
5280,F8024520
5281,F802462E
5282,F80244AB
5283,F80244B9
5284,F8024503
5285,F80245B5
5286,F8024488
5287,F80243D1
5288,F80246B6
5289,F80243D2
5290,F8024405
5291,F8024486
5292,F80243D0
5293,F8024488
5294,F802440D
5295,F8024559
5296,F80243D2
5297,F80243B3
5298,F80244E3
5299,F80243DD
5300,F80243FA
5301,F80244E2
5302,F802462C
5303,F80243DF
5304,F802458A
5305,F8024479
5306,F8024551
5307,F8024711
5308,F80243DC
5309,F802446A
5310,F8024484
5311,F80244E8
5312,F80244F8
5313,F80244C9
5314,F8024538
5315,F8024515
5316,F80244AD
5317,F802459F
5318,F802467E
5319,F8024453
5320,F802451E
5321,F8024417
5322,F802443D
5323,F8024557
5324,F80244FB
5325,F80243C9
5326,F802456B
5327,F80243F1
5328,F802452F
5329,F80244CB
5330,F802446D
5331,F8024416
5332,F8024473
5333,F80248DA
5334,F80244B2
5335,F8024423
5336,F80243D8
5337,F8024430
5338,F8024465
5339,F802445C
5340,F802465C
5341,F8024455
5342,F80243CE
5343,F802455A
5344,F80243EC
5345,F80244B7
5346,F8024434
5347,F8024456
5348,F802446A
5349,F80243D7
5350,F8024414
5351,F80244D0
5352,F8024431
5353,F8024420
5354,F8024442
5355,F8024441
5356,F802448C
5357,F80244C6
5358,F8024633
5359,F802440F
5360,F80244DD
5361,F8024518
5362,F8024477
5363,F8024446
5364,F802444C
5365,F802441D
5366,F8024480
5367,F8024642
5368,F80243D8
5369,F80243FB
5370,F8024429
5371,F80244F5
5372,F8024419
5373,F802461B
5374,F8024531
5375,F8024554
5376,F80243DC
5377,F8024415
5378,F8024566
5379,F802447D
5380,F802455F
5381,F80245A8
5382,F8024588
5383,F80245DC
5384,F802454B
5385,F8024400
5386,F8024480
5387,F802467A
5388,F80246B0
5389,F8024662
5390,F80244F0
5391,F8024448
5392,F8024472
5393,F80243C4
5394,F802440B
5395,F80244FD
5396,F8024628
5397,F80244B6
5398,F802442E
5399,F8024413
5400,F8024496
5401,F8024418
5402,F80244DC
5403,F8024473
5404,F80243C6
5405,F8024433
5406,F802440F
5407,F80243FC
5408,F8024718
5409,F80246E3
5410,F80243B8
5411,F802445C
5412,F8024488
5413,F80244E2
5414,F8024529
5415,F802442B
5416,F8024484
5417,F80243E0
5418,F8024477
5419,F802466E
5420,F80243D2
5421,F802444F
5422,F8024422
5423,F80243D5
5424,F8024467
5425,F8024482
5426,F802448B
5427,F802441A
5428,F8024403
5429,F802446D
5430,F8024477
5431,F80243E6
5432,F80243D4
5433,F80243C3
5434,F80247AC
5435,F8024431
5436,F802440C
5437,F80243C0
5438,F8024406
5439,F80244E4
5440,F80244BF
5441,F80244D8
5442,F80244B7
5443,F80244F6
5444,F8024400
5445,F8024438
5446,F802446A
5447,F802438E
5448,F8024428
5449,F80243F3
5450,F802447E
5451,F802443A
5452,F802442B
5453,F80244C1
5454,F802449B
5455,F80244E3
5456,F802446F
5457,F80243E3
5458,F80244D0
5459,F802454D
5460,F8024416
5461,F8024484
5462,F8024566
5463,F8024459
5464,F802441A
5465,F80245A1
5466,F80246D5
5467,F8024683
5468,F80244A3
5469,F8024531
5470,F802443A
5471,F8024496
5472,F802449D
5473,F8024480
5474,F802446A
5475,F8024412
5476,F8024419
5477,F80243D2
5478,F80245AF
5479,F80243B3
5480,F802443C
5481,F802444F
5482,F80245C8
5483,F80244A1
5484,F80244E8
5485,F8024433
5486,F80244C4
5487,F80243E1
5488,F80243FF
5489,F80244FD
5490,F8024493
5491,F8024601
5492,F80246F6
5493,F802438F
5494,F802446A
5495,F80243CF
5496,F8024427
5497,F80245A4
5498,F80245AD
5499,F8024376
5500,F8024505
5501,F8024425
5502,F8024429
5503,F80243D3
5504,F802443F
5505,F80243FF
5506,F8024441
5507,F802456B
5508,F80244EF
5509,F802471B
5510,F802464B
5511,F802445A
5512,F80244BD
5513,F8024417
5514,F80244A0
5515,F8024460
5516,F80245F4
5517,F8024440
5518,F8024789
5519,F80245A5
5520,F80245DF
5521,F80243A8
5522,F80244F7
5523,F8024473
5524,F80244C4
5525,F80244ED
5526,F8024482
5527,F8024516
5528,F80244E5
5529,F802443C
5530,F80243EC
5531,F8024402
5532,F8024423
5533,F80243FD
5534,F8024487
5535,F8024494
5536,F802459A
5537,F8024439
5538,F80243FA
5539,F8024402
5540,F80244CE
5541,F80244E1
5542,F8024424
5543,F8024426
5544,F802448D
5545,F8024545
5546,F80243F8
5547,F8024762
5548,F80243F5
5549,F80244D4
5550,F8024468
5551,F802452E
5552,F8024538
5553,F80243D3
5554,F80244D6
5555,F8024582
5556,F8024403
5557,F80243C1
5558,F8024400
5559,F8024427
5560,F802442B
5561,F802444A
5562,F8024481
5563,F80243D2
5564,F80247EC
5565,F80243FB
5566,F802448E
5567,F80244E1
5568,F802446A
5569,F80244A5
5570,F80244FA
5571,F80245B3
5572,F80245B2
5573,F802447C
5574,F8024432
5575,F8024571
5576,F80243CA
5577,F802445B
5578,F80243D8
5579,F80243B9
5580,F802448E
5581,F802470A
5582,F8024441
5583,F8024531
5584,F8024462
5585,F80244F6
5586,F80243FD
5587,F802448E
5588,F80248DF
5589,F8024499
5590,F8024477
5591,F80244E9
5592,F8024478
5593,F8024418
5594,F80244C1
5595,F8024467
5596,F80244F2
5597,F8024418
5598,F8024423
5599,F8024589
5600,F8024618
5601,F802445C
5602,F80245EB
5603,F802468B
5604,F802446A
5605,F80244AF
5606,F8024469
5607,F80243F3
5608,F80242EB
5609,F8024546
5610,F80244A7
5611,F80243F9
5612,F802471C
5613,F80244E9
5614,F8024425
5615,F8024440
5616,F802441F
5617,F802451F
5618,F8024493
5619,F80244B2
5620,F8024470
5621,F8024422
5622,F8024471
5623,F8024484
5624,F8024525
5625,F8024A12
5626,F802448F
5627,F8024508
5628,F80243BF
5629,F8024466
5630,F8024442
5631,F80243C9
5632,F802441E
5633,F8024458
5634,F8024433
5635,F802479C
5636,F802465B
5637,F8024408
5638,F8024428
5639,F8024429
5640,F8024479
5641,F802442E
5642,F802453F
5643,F8024487
5644,F802449B
5645,F802447C
5646,F80244C4
5647,F8024402
5648,F8024415
5649,F8024404
5650,F8024450
5651,F802440E
5652,F8024400
5653,F80243B6
5654,F80243D4
5655,F8024465
5656,F802462F
5657,F8024478
5658,F8024394
5659,F80244F5
5660,F80246EE
5661,F8024414
5662,F8024437
5663,F8024533
5664,F80243F8
5665,F8024465
5666,F8024538
5667,F80244AB
5668,F80244FD
5669,F80244E2
5670,F80246F5
5671,F8024437
5672,F80244B5
5673,F8024C36
5674,F8024491
5675,F8024436
5676,F8024404
5677,F802461C
5678,F802440C
5679,F8024402
5680,F802474E
5681,F8024584
5682,F8024489
5683,F8024447
5684,F80243C4
5685,F802447D
5686,F80245E8
5687,F80243F2
5688,F80243F4
5689,F8024413
5690,F802441B
5691,F80244F6
5692,F8024445
5693,F80244EF
5694,F80244FF
5695,F8024487
5696,F8024431
5697,F80243E3
5698,F8024402
5699,F8024432
5700,F8024445
5701,F80243FB
5702,F8024592
5703,F80244F9
5704,F80244FE
5705,F80244BC
5706,F80244B1
5707,F80244D7
5708,F8024532
5709,F80246BB
5710,F8024565
5711,F80244D1
5712,F802456B
5713,F8024463
5714,F8024521
5715,F8024866
5716,F802451E
5717,F80245F3
5718,F802441E
5719,F8024437
5720,F8024E71
5721,F80244D9
5722,F802481B
5723,F8024404
5724,F8024429
5725,F8024463
5726,F80244BC
5727,F80243A0
5728,F80244CC
5729,F80244D5
5730,F8024448
5731,F80243CC
5732,F802440F
5733,F80244AF
5734,F80244A8
5735,F8024460
5736,F80243D2
5737,F8024434
5738,F80243F8
5739,F8024465
5740,F8024640
5741,F80243E2
5742,F8024483
5743,F802449B
5744,F80243DD
5745,F8024480
5746,F8024413
5747,F802441F
5748,F8024462
5749,F80243D5
5750,F8024422
5751,F80244BC
5752,F802454A
5753,F8024520
5754,F80244C2
5755,F80244A3
5756,F8024460
5757,F8024483
5758,F802443B
5759,F8024684
5760,F80244D4
5761,F80246AC
5762,F80244A4
5763,F80244D2
5764,F80244CC
5765,F8024523
5766,F8024535
5767,F80243DB
5768,F802449F
5769,F802444C
5770,F8024460
5771,F80245D5
5772,F8024502
5773,F8024672
5774,F80246B5
5775,F802497C
5776,F80244FC
5777,F80244A8
5778,F802442A
5779,F8024766
5780,F8024478
5781,F80246D6
5782,F8024418
5783,F8024429
5784,F80243F2
5785,F80244A4
5786,F802447A
5787,F802464E
5788,F802453F
5789,F8024475
5790,F80246A0
5791,F80244B0
5792,F80243D5
5793,F80243D2
5794,F80244E8
5795,F8024495
5796,F8024461
5797,F8024478
5798,F8024402
5799,F80243CE
5800,F80243E0
5801,F8024423
5802,F8024471
5803,F802440D
5804,F802445C
5805,F802447A
5806,F802459D
5807,F80244C0
5808,F80244E5
5809,F80243D4
5810,F80243CD
5811,F80246B0
5812,F8024467
5813,F802465C
5814,F80244AF
5815,F8024570
5816,F8024404
5817,F802443D
5818,F80243D6
5819,F802440B
5820,F80243D6
5821,F80243F2
5822,F802444D
5823,F8024433
5824,F80244A8
5825,F8024621
5826,F8024474
5827,F80243C9
5828,F8024420
5829,F802440F
5830,F802457A
5831,F80244AB
5832,F8024698
5833,F802446F
5834,F80243D0
5835,F80243A3
5836,F802465B
5837,F80244A9
5838,F802467A
5839,F8024476
5840,F8024652
5841,F802445C
5842,F80244CE
5843,F80245B8
5844,F8024577
5845,F802463D
5846,F8024433
5847,F802446D
5848,F80244AC
5849,F802440D
5850,F802448C
5851,F80243FE
5852,F8024465
5853,F8024633
5854,F802446B
5855,F8024415
5856,F8024452
5857,F802451E
5858,F8024509
5859,F802447C
5860,F80243EA
5861,F80243B6
5862,F80244B9
5863,F80244D7
5864,F8024446
5865,F802460C
5866,F8024468
5867,F80243F2
5868,F8024474
5869,F802451A
5870,F8024524
5871,F8024412
5872,F80244EB
5873,F80247F4
5874,F80244DC
5875,F802447E
5876,F8024686
5877,F8024554
5878,F802443C
5879,F80244DD
5880,F8024401
5881,F802456A
5882,F8024418
5883,F8024579
5884,F8024433
5885,F802459E
5886,F80247B2
5887,F80245FF
5888,F8024419
5889,F8024425
5890,F802442E
5891,F802446A
5892,F802444B
5893,F802446A
5894,F8024540
5895,F802456C
5896,F8024488
5897,F8024481
5898,F80244D7
5899,F8024412
5900,F8024413
5901,F8024423
5902,F80244AE
5903,F80244A7
5904,F8024434
5905,F80244A6
5906,F80243F7
5907,F80244B3
5908,F8024490
5909,F8024429
5910,F8024454
5911,F80244EC
5912,F80246B5
5913,F8024455
5914,F80243D8
5915,F80244E1
5916,F80244B5
5917,F8024491
5918,F8024653
5919,F802450A
5920,F80243B6
5921,F8024449
5922,F80244B2
5923,F802448B
5924,F80243AA
5925,F80243FE
5926,F8024544
5927,F80243D6
5928,F8024565
5929,F8024653
5930,F8024411
5931,F80244E9
5932,F8024500
5933,F802441A
5934,F802476E
5935,F802442A
5936,F8024500
5937,F8024591
5938,F80243CB
5939,F80243D0
5940,F8024578
5941,F8024559
5942,F80245BF
5943,F80244B4
5944,F8024553
5945,F8024407
5946,F8024465
5947,F8024457
5948,F802442C
5949,F802447B
5950,F8024420
5951,F80244A8
5952,F8024448
5953,F802471C
5954,F8024468
5955,F80244B3
5956,F8024367
5957,F802454B
5958,F80245D0
5959,F8024476
5960,F80243F8
5961,F802457A
5962,F80246CC
5963,F802446B
5964,F802440C
5965,F8024462
5966,F80245B2
5967,F802445B
5968,F8024522
5969,F80243FF
5970,F80244AF
5971,F8024388
5972,F80247EE
5973,F802441A
5974,F8024467
5975,F80243FD
5976,F80244F9
5977,F8024507
5978,F8024478
5979,F8024402
5980,F80243BB
5981,F802442D
5982,F802441C
5983,F802448B
5984,F802445E
5985,F8024402
5986,F80243CE
5987,F8024440
5988,F80243DA
5989,F802448A
5990,F8024467
5991,F80244D4
5992,F8024402
5993,F80244A1
5994,F8024482
5995,F80246CE
5996,F8024512
5997,F80247F3
5998,F80244B2
5999,F8024474
6000,F8024460
6001,F8024405
6002,F802440E
6003,F80247F6
6004,F802444B
6005,F802443D
6006,F802445C
6007,F802440F
6008,F80243F3
6009,F80244A3
6010,F8024575
6011,F80243AD
6012,F802447F
6013,F8024403
6014,F8024430
6015,F802440A
6016,F802446D
6017,F80245ED
6018,F8024682
6019,F80245F8
6020,F80249B5
6021,F80244D1
6022,F80243BE
6023,F80246EC
6024,F8024582
6025,F802447B
6026,F8024689
6027,F80244BE
6028,F802443A
6029,F80244A7
6030,F80244A2
6031,F802445D
6032,F8024591
6033,F8024516
6034,F802449D
6035,F8024406
6036,F8024436
6037,F80247E2
6038,F8024453
6039,F802445E
6040,F8024453
6041,F8024402
6042,F802447D
6043,F80243DD
6044,F8024432
6045,F8024475
6046,F802459F
6047,F80243F8
6048,F8024418
6049,F80245D5
6050,F8024401
6051,F8024419
6052,F80243FE
6053,F802472A
6054,F80246AB
6055,F8024720
6056,F80243E5
6057,F80246F5
6058,F802456E
6059,F8024473
6060,F80244DA
6061,F8024418
6062,F80246B1
6063,F80244BB
6064,F802447E
6065,F802438F
6066,F8024472
6067,F80244F2
6068,F802446C
6069,F8024435
6070,F8024403
6071,F802448E
6072,F80244CA
6073,F80243CB
6074,F802442B
6075,F80243F2
6076,F80244FF
6077,F8024487
6078,F8024457
6079,F80244D0
6080,F8024549
6081,F8024676
6082,F802440B
6083,F8024494
6084,F8024449
6085,F802440E
6086,F80245CB
6087,F80243B0
6088,F8024437
6089,F8024465
6090,F80244AE
6091,F80243FA
6092,F80244C2
6093,F8024463
6094,F8024411
6095,F80243FF
6096,F8024556
6097,F8024569
6098,F8024414
6099,F80244AE
6100,F802442D
6101,F8024435
6102,F8024446
6103,F802443E
6104,F8024478
6105,F80243DF
6106,F80244DE
6107,F8024429
6108,F80243D5
6109,F802441A
6110,F80245C5
6111,F8024461
6112,F80244C6
6113,F8024570
6114,F802455B
6115,F8024440
6116,F8024413
6117,F80244C6
6118,F802443D
6119,F80244D9
6120,F80243E0
6121,F80244F7
6122,F8024471
6123,F8024405
6124,F80243F3
6125,F8024458
6126,F802448A
6127,F802444E
6128,F802447C
6129,F802468F
6130,F802443B
6131,F8024472
6132,F8024555
6133,F8024401
6134,F8024448
6135,F8024424
6136,F80243CC
6137,F8024447
6138,F802464C
6139,F8024432
6140,F8024413
6141,F80244B4
6142,F80243EA
6143,F802443C
6144,F80243A5
6145,F8024429
6146,F8024412
6147,F8024603
6148,F80243F2
6149,F8024458
6150,F8024413
6151,F802445F
6152,F802472E
6153,F8024444
6154,F8024418
6155,F8024459
6156,F80245D1
6157,F802447D
6158,F8024491
6159,F802439A
6160,F802480A
6161,F8024507
6162,F8024427
6163,F80243E8
6164,F8024461
6165,F80243F0
6166,F80243C6
6167,F8024576
6168,F80244C4
6169,F802457D
6170,F80243FC
6171,F802451C
6172,F8024406
6173,F8024491
6174,F80244F0
6175,F80244B6
6176,F8024668
6177,F8024545
6178,F80246FB
6179,F80244E9
6180,F802442F
6181,F8024494
6182,F802441E
6183,F8024448
6184,F8024508
6185,F80243E5
6186,F80245AB
6187,F802445B
6188,F80243F8
6189,F80244BA
6190,F8024534
6191,F80244D0
6192,F8024522
6193,F80245EF
6194,F802464F
6195,F80244A1
6196,F80244B7
6197,F8024485
6198,F80243DE
6199,F8024485
6200,F80245A6
6201,F8024437
6202,F80244D1
6203,F8024513
6204,F80244AC
6205,F8024442
6206,F8024453
6207,F8024432
6208,F8024457
6209,F802448E
6210,F80243E5
6211,F80243D9
6212,F80243FD
6213,F80243EA
6214,F8024524
6215,F80244DB
6216,F80246BB
6217,F8024421
6218,F8024503
6219,F8024456
6220,F80244A0
6221,F8024447
6222,F80247CA
6223,F8024489
6224,F802440F
6225,F80245E4
6226,F80244C5
6227,F8024427
6228,F80243C0
6229,F8024464
6230,F8024418
6231,F8024406
6232,F802457A
6233,F8024479
6234,F802460E
6235,F802449D
6236,F802420A
6237,F802445F
6238,F80243DE
6239,F80244E7
6240,F80247D4
6241,F80244D8
6242,F8024446
6243,F802448D
6244,F80243C1
6245,F8024448
6246,F80243DD
6247,F8024532
6248,F80243EF
6249,F8024484
6250,F80243D2
6251,F802470C
6252,F8024411
6253,F802440F
6254,F802445C
6255,F8024442
6256,F80243EF
6257,F80246AB
6258,F80243F4
6259,F80243CA
6260,F8024419
6261,F8024471
6262,F802445E
6263,F802446B
6264,F8024451
6265,F80243DF
6266,F80243F1
6267,F802444A
6268,F802455C
6269,F802441B
6270,F8024479
6271,F8024407
6272,F80246DF
6273,F80244AC
6274,F802448C
6275,F8024490
6276,F80243FE
6277,F8024472
6278,F802441A
6279,F8024487
6280,F8024725
6281,F80243C6
6282,F8024476
6283,F8024579
6284,F802471C
6285,F8024444
6286,F802444A
6287,F80244F5
6288,F802449D
6289,F80243F1
6290,F80247D6
6291,F80244BF
6292,F8024972
6293,F802444F
6294,F80245CB
6295,F8024427
6296,F8024419
6297,F802449F
6298,F80244B9
6299,F8024389
6300,F8024448
6301,F8024404
6302,F80246E2
6303,F8024471
6304,F802444D
6305,F80244A8
6306,F8024359
6307,F8024547
6308,F80243B8
6309,F80243B0
6310,F80245C4
6311,F80243BB
6312,F80244C7
6313,F8024465
6314,F802463F
6315,F8024405
6316,F80243C2
6317,F802457D
6318,F8024685
6319,F802457F
6320,F80243F2
6321,F802438A
6322,F80244B5
6323,F802448F
6324,F8024452
6325,F802448F
6326,F8024876
6327,F802443D
6328,F8024564
6329,F8024460
6330,F80243F0
6331,F802455B
6332,F80243E2
6333,F80244BC
6334,F80243D7
6335,F80245E4
6336,F802448A
6337,F80243E6
6338,F802449E
6339,F8024419
6340,F802448D
6341,F8024556
6342,F802445E
6343,F80244A8
6344,F802444A
6345,F80244A0
6346,F80244DE
6347,F802440C
6348,F802445D
6349,F80243C2
6350,F8024447
6351,F8024487
6352,F8024512
6353,F802441E
6354,F8024461
6355,F8024564
6356,F80243F8
6357,F802447E
6358,F80243C8
6359,F802449F
6360,F80245DE
6361,F8024514
6362,F80244EF
6363,F8024429
6364,F80245EE
6365,F802440B
6366,F8024438
6367,F802441C
6368,F80244B7
6369,F8024464
6370,F80243F2
6371,F8024588
6372,F8024707
6373,F80244D1
6374,F80244F2
6375,F8024408
6376,F80244C4
6377,F802445C
6378,F80244EE
6379,F8024513
6380,F802445A
6381,F802454B
6382,F80244F9
6383,F8024454
6384,F8024669
6385,F8024536
6386,F8024684
6387,F8024648
6388,F80243C4
6389,F80243A7
6390,F8024480
6391,F80243F2
6392,F8024442
6393,F8024455
6394,F8024489
6395,F80244F6
6396,F802452A
6397,F802449F
6398,F802447E
6399,F8024480
6400,F8024450
6401,F802445C
6402,F80244E6
6403,F80244CE
6404,F802449F
6405,F80244C3
6406,F8024439
6407,F8024452
6408,F8024478
6409,F8024546
6410,F80243F4
6411,F80244D2
6412,F8024643
6413,F8024591
6414,F80243EF
6415,F8024438
6416,F8024427
6417,F802443F
6418,F802446E
6419,F80245AD
6420,F802458E
6421,F80244C7
6422,F802444A
6423,F802453F
6424,F80243B3
6425,F8024410
6426,F80245D1
6427,F802447B
6428,F8024419
6429,F8024542
6430,F802465E
6431,F80243DA
6432,F802442A
